Parcel,reinv,Cumu.t,tpc20,pgr20,tpc19,pgr19,notes.2019,tpc18,pgr18,Type,wellfield,GB_TYPE,Holland,bltype,pbelow,gbelow,ndvibelow,bl_type,bl.origin,n15,n16,n86,bl.Year.tran,test_type,test.just,ss.dif.15t16,CommType,Acres.x,Baseline,blyr.discrep,DTW Reliability,LiveCover,notes17,notes1,notes2,X1,m.type,taxorder,Ecologic_3,taxsuborde,taxgrtgrou,taxsubgrp,taxpartsiz,taxclname,compname,geomdesc,n.tran,acres,m.evi15,mDTW15,x.cent,y.cent,tran.n,Acres.y,prop.sample
ABD012_BLK029,r,0,0,0,0,0,dtw 2009 and on needs updating,1,0,C,Taboose-Aberdeen,B,Rabbitbrush Scrub,x,1,NA,1,lpt,lpt,12,12,4,1986,One-Sample t-Test,s.err.big,0,45310C,29.727,1985,1,Relative Recovery Reliable,NA,NA,NA,NA,3,B,Entisols,"Sandy 5-8"" P.Z.",Orthents,Torriorthents,Xeric Torriorthents,sandy,"Sandy, mixed, thermic Xeric Torriorthents",Cartago,alluvial fans,9,42,0.073558033,53.1836,388391.3333,4091409.556,9,42,1
BGP013,NA,0,,,,,not in ts,,,C,Big Pine,C,Alkali Meadow,NA,NA,NA,NA,NA,NA,NA,NA,NA,NA,NA,NA,NA,45310A,93.458,1986,NA,Validation Needed,NA,NA,NA,NA,NA,NA,NA,NA,NA,NA,NA,NA,NA,NA,NA,NA,NA,NA,NA,NA,NA,NA,NA,NA
BGP019,r,3,1,1,1,1,,1,1,C,Big Pine,E,Rush/Sedge Meadow,x,1,1,1,lpt,lpt,18,18,6,1986,Two-Sample t-Test,s.size.ad,0,35400B,38.418,1987,-1,Baseline Reliable,NA,NA,NA,NA,5,E,Entisols,Saline Bottom,Psamments,Torripsamments,(blank),not used,Torripsamments,Aquic Torripsamments,stream terraces,10,107,0.1613801,7.186781,381704.8,4121482.7,18,107,0.555555556
BGP031,r,0,0,0,0,0,,3,0,C,Big Pine,C,Alkali Meadow,x,0,0,1,lpt,lpt,14,14,5,1986,Two-Sample t-Test,s.size.ad,0,45340C,33.569,1986,0,Validation Needed,25,5-4m; grass below 5; pcov >42,NA,NA,6,C,Entisols,Saline Meadow,Fluvents,Torrifluvents,(blank),not used,Torrifluvents,Torrifluvents,stream terraces,13,20,0.1071973,10.35529231,383966.2308,4122449.462,14,20,0.928571429
BGP047,r,11,1,1,1,1,,1,1,C,Big Pine,C,Alkali Meadow,x,1,1,1,lpt,lpt,15,15,6,1986,Two-Sample t-Test,s.size.ad,0,45350C,49.048,1985,1,Reliable,NA,NA,NA,NA,7,C,Entisols,Saline Bottom,Psamments,Torripsamments,(blank),not used,Torripsamments,Aquic Torripsamments,stream terraces,15,47,0.107554793,7.573489333,384568.9333,4119989.2,15,47,1
BGP086,r,0,0,0,0,0,,0,0,W,Big Pine,C,Alkali Meadow,x,1,0,1,lpt,lpt,16,16,6,1986,Two-Sample t-Test,s.size.ad,0,36120A,234.852,1986,0,Reliable,20,<2m; grass 10;pcov <20,NA,NA,NA,NA,NA,NA,NA,NA,NA,NA,NA,NA,NA,NA,NA,NA,NA,NA,NA,NA,NA,NA
BGP088,r,1,0,1,3,0,,0,0,W,Big Pine,B,Nevada Saltbush Scrub,x,0,1,1,lpt,lpt,9,9,11,1986,Two-Sample t-Test,s.size.ad,0,35400B,54.031,1986,0,Validation Needed,NA,NA,NA,NA,8,B,Mollisols,Saline Meadow,Xerolls,Argixerolls,Aquic Argixerolls,fine-loamy,"Fine-loamy, mixed, thermic Aquic Argixerolls",Shondow,stream terraces,8,72,0.128038625,12.968775,386888.875,4115775,9,72,0.888888889
BGP091,NA,,,,,,,,,W,Big Pine,E,Irrigated Agriculture,NA,NA,NA,NA,NA,NA,NA,NA,NA,NA,NA,NA,NA,11000E,68,1998,NA,Validation Needed,NA,NA,NA,NA,NA,NA,NA,NA,NA,NA,NA,NA,NA,NA,NA,NA,NA,NA,NA,NA,NA,NA,NA,NA
BGP093,NA,,,,,,,,,W,Big Pine,E,Irrigated Agriculture,NA,NA,NA,NA,NA,NA,NA,NA,NA,NA,NA,NA,NA,11000E,64,1998,NA,Validation Needed,NA,NA,NA,NA,NA,NA,NA,NA,NA,NA,NA,NA,NA,NA,NA,NA,NA,NA,NA,NA,NA,NA,NA,NA
BGP094,r,0,0,0,0,0,,3,0,W,Big Pine,C,Alkali Meadow,a,0,0,NA,lpt,lpt,11,11,13,1986,Two-Sample t-Test,s.size.ad,0,36150B,141.21,1986,0,Reliable,33,<2m; grass 20;,NA,NA,9,C,Mollisols,Saline Meadow,Xerolls,Argixerolls,Aquic Argixerolls,fine-loamy,"Fine-loamy, mixed, thermic Aquic Argixerolls",Shondow,stream terraces,11,110,0.258929273,14.67873636,385438.0909,4115376.545,11,110,1
BGP154,r,1,0,1,3,1,,0,1,W,Big Pine,C,Nevada Saltbush Meadow,x,1,1,1,lpt,lpt,12,12,6,1986,Two-Sample t-Test,s.size.ad,0,45330E,110.2,1986,0,Validation Needed,NA,<6m; pcov 25-10;pgras 10-3,NA,NA,10,C,Mollisols,Saline Meadow,Xerolls,Argixerolls,Aquic Argixerolls,fine-loamy,"Fine-loamy, mixed, thermic Aquic Argixerolls",Shondow,stream terraces,12,27,0.115391583,17.118325,386145.9167,4114760,12,27,1
BGP157,r,0,0,0,0,0,,0,0,W,Big Pine,B,Rabbitbrush Scrub,x,0,0,1,lpt,lpt,15,15,10,1986,Two-Sample t-Test,s.size.ad,0,45310C,55.367,1986,0,Validation Needed,NA,4-2M; grass 35--10,NA,NA,11,B,Entisols,"Loamy 5-8"" P.Z.",Orthents,Torriorthents,Xeric Torriorthents,coarse-loamy,"Coarse-loamy, mixed, nonacid, thermic Xeric Torriorthents",Hesperia,alluvial fans,8,45,0.1797843,13.1627625,387299.25,4114632,15,45,0.533333333
BGP162,r,1,1,0,0,0,,1,0,W,Big Pine,B,Nevada Saltbush Scrub,x,1,0,1,lpt,lpt,17,17,9,1986,Two-Sample t-Test,s.size.ad,0,36120A,44.892,1986,0,Reliable,NA,NA,NA,NA,12,B,Entisols,"Loamy 5-8"" P.Z.",Orthents,Torriorthents,Xeric Torriorthents,coarse-loamy,"Coarse-loamy, mixed, nonacid, thermic Xeric Torriorthents",Hesperia,alluvial fans,11,278,0.105055045,25.76212727,388295.1818,4112201.273,17,278,0.647058824
BGP204,r,0,0,1,0,0,not in ts,,,C,,C,Nevada Saltbush Meadow,NA,NA,NA,NA,NA,NA,NA,NA,NA,NA,NA,NA,NA,45350C,104.699,1986,NA,Validation Needed,NA,NA,NA,NA,NA,NA,NA,NA,NA,NA,NA,NA,NA,NA,NA,NA,NA,NA,NA,NA,NA,NA,NA,NA
BGP205,r,1,1,1,0,0,not in ts,,,C,,C,Alkali Meadow,NA,NA,NA,NA,NA,NA,NA,NA,NA,NA,NA,NA,NA,45310C,130.46,1986,NA,Validation Needed,NA,NA,NA,NA,NA,NA,NA,NA,NA,NA,NA,NA,NA,NA,NA,NA,NA,NA,NA,NA,NA,NA,NA,NA
BIS019,NA,,,,,,not in ts,,,C,,B,Rabbitbrush Scrub,NA,NA,NA,NA,NA,NA,NA,NA,NA,NA,NA,NA,NA,35400A,65.279,1987,NA,Validation Needed,NA,NA,NA,NA,NA,NA,NA,NA,NA,NA,NA,NA,NA,NA,NA,NA,NA,NA,NA,NA,NA,NA,NA,NA
BIS055_FSL214,r,0,0,0,0,0,,0,0,C,Bishop,C,Alkali Meadow,x,0,0,1,lpt,lpt,9,9,10,1987,Two-Sample t-Test,s.size.ad,0,45310A,115.07,1986,1,Reliable,NA,NA,NA,NA,15,C,Mollisols,Saline Meadow,Xerolls,Haploxerolls,Oxyaquic Haploxerolls,coarse-loamy,"Coarse-loamy, mixed, mesic Oxyaquic Haploxerolls",Dehy,"alluvial fans, stream terraces",6,138,0.177136,9.760456667,377692.1667,4137000.333,7,138,0.857142857
BIS060,r,16,3,3,3,3,,3,0,C,Bishop,C,Alkali Meadow,a,0,0,NA,lpt,lpt,9,9,8,1987,Two-Sample t-Test,s.size.ad,0,45310C,170.763,1986,1,Reliable,NA,NA,NA,NA,16,C,Aridisols,"Loamy Bottom 5-8"" P.Z.",Argids,Haplargids,Xeric Haplargids,coarse-loamy,"Coarse-loamy, mixed, thermic Xeric Haplargids",Lucerne,fan terraces,5,46,0.2384522,8.33943,377609.8,4136337.4,9,46,0.555555556
BIS068,NA,,,,,,,,,C,,B,Rabbitbrush Scrub,NA,NA,NA,NA,NA,NA,NA,NA,NA,NA,NA,NA,NA,35400B,14.992,1987,NA,Reliable,NA,NA,NA,NA,NA,NA,NA,NA,NA,NA,NA,NA,NA,NA,NA,NA,NA,NA,NA,NA,NA,NA,NA,NA
BIS085,r,0,0,0,0,0,,0,0,W,Bishop,C,Rabbitbrush Meadow,x,0,1,1,lpt,lpt,12,12,8,1987,Two-Sample t-Test,s.size.ad,0,45310C,47.547,1986,1,Relative Recovery Reliable,NA,4-5m; grass decline 20 to 10%.,NA,NA,17,C,Mollisols,Saline Meadow,Xerolls,Haploxerolls,Oxyaquic Haploxerolls,coarse-loamy,"Coarse-loamy, mixed, mesic Oxyaquic Haploxerolls",Dehy,"alluvial fans, fan terraces, stream terraces",12,44,0.17718175,17.37485833,376924,4134040.5,12,44,1
BLK002_TIN061,r,1,0,0,3,0,,0,0,W,Taboose-Aberdeen,B,Rabbitbrush Scrub,x,0,0,1,lpt,lpt,19,19,6,1986,Two-Sample t-Test,s.size.ad,0,45310C,35.518,1986,0,Current DTW Reliable,NA,NA,NA,NA,18,B,Entisols,"Loamy 5-8"" P.Z.",Orthents,Torriorthents,Xeric Torriorthents,coarse-loamy,"Coarse-loamy, mixed, nonacid, thermic Xeric Torriorthents",Hesperia,fan terraces,7,173,0.103238643,36.08704286,390338,4095245.143,10,173,0.7
BLK006,r,1,0,0,3,0,not in ts,,,W,Taboose-Aberdeen,A,Desert Sink Scrub,NA,NA,NA,NA,NA,NA,NA,NA,NA,NA,NA,NA,NA,36120A,12.573,1986,NA,Reliable,NA,NA,NA,NA,NA,NA,NA,NA,NA,NA,NA,NA,NA,NA,NA,NA,NA,NA,NA,NA,NA,NA,NA,NA
BLK008,r,1,3,0,1,1,not in ts,,,W,Taboose-Aberdeen,C,Alkali Meadow,NA,NA,NA,NA,NA,NA,NA,NA,NA,NA,NA,NA,NA,45310C,68.2,1986,NA,Reliable,NA,NA,NA,NA,NA,NA,NA,NA,NA,NA,NA,NA,NA,NA,NA,NA,NA,NA,NA,NA,NA,NA,NA,NA
BLK009,r,1,0,1,1,1,,0,0,W,Taboose-Aberdeen,C,Alkali Meadow,x,1,1,1,lpt,lpt,15,15,6,1986,Two-Sample t-Test,s.size.ad,0,45310C,88.656,1986,0,Validation Needed,NA,4m; grass stable at 10-25%,NA,NA,19,C,Aridisols,Saline Bottom,Argids,Haplargids,Xeric Haplargids,fine-loamy,"Fine-loamy, mixed, thermic Xeric Haplargids",Pokonahbe,"lake terraces, stream terraces",12,168,0.097729892,14.39687917,390965.6667,4093808.667,15,168,0.8
BLK011,r,4,3,0,3,0,,3,0,W,Taboose-Aberdeen,C,Alkali Meadow,x,0,0,1,lpt,lpt,10,10,4,1986,One-Sample t-Test,s.err.big,0,45310C,41.8,1987,-1,Validation Needed,NA,g 50bl to 20,NA,NA,20,C,Aridisols,"Sodic Fan 5-8"" P.Z.",Argids,Haplargids,Xeric Haplargids,fine-loamy,"Fine-loamy, mixed, thermic Xeric Haplargids",Winnedumah,"lakebeds (relict), stream terraces",7,120,0.143408143,16.80762857,390571.8571,4092958,10,120,0.7
BLK016,r,0,0,0,0,0,,0,0,W,Taboose-Aberdeen,C,Alkali Meadow,x,0,0,1,lpt,lpt,16,16,10,1986,Two-Sample t-Test,s.size.ad,0,45310C,40.6,1987,-1,Validation Needed,NA,NA,NA,NA,21,C,Aridisols,"Sodic Fan 5-8"" P.Z.",Argids,Haplargids,Xeric Haplargids,fine-loamy,"Fine-loamy, mixed, thermic Xeric Haplargids",Winnedumah,"lakebeds (relict), stream terraces",12,297,0.181461417,10.3823475,391137.6667,4092847.083,16,297,0.75
BLK021,r,0,1,0,0,1,,1,1,W,Taboose-Aberdeen,B,Nevada Saltbush Scrub,x,1,1,1,lpt,lpt,11,11,6,1986,Two-Sample t-Test,s.size.ad,0,45350C,27.864,1986,0,Reliable,NA,4-3m; grass 10-nill; need water table recovery,NA,NA,22,B,Aridisols,"Sodic Fan 5-8"" P.Z.",Argids,Haplargids,Xeric Haplargids,fine-loamy,"Fine-loamy, mixed, thermic Xeric Haplargids",Winnedumah,"lakebeds (relict), stream terraces",10,44,0.1296112,12.35513,391482.4,4091654.4,11,44,0.909090909
BLK024,r,0,0,0,0,0,,0,0,W,Taboose-Aberdeen,C,Nevada Saltbush Meadow,x,0,0,1,lpt,lpt,15,15,5,1986,Two-Sample t-Test,s.size.ad,0,45310A,79.219,1987,-1,Reliable,NA,NA,NA,NA,23,C,Aridisols,"Sodic Fan 5-8"" P.Z.",Argids,Haplargids,Xeric Haplargids,fine-loamy,"Fine-loamy, mixed, thermic Xeric Haplargids",Winnedumah,"lakebeds (relict), stream terraces",12,271,0.13149325,17.516125,390547.0833,4091283,15,271,0.8
BLK033,r,0,3,0,0,0,,0,0,W,Taboose-Aberdeen,C,Alkali Meadow,x,0,1,1,lpt,lpt,8,8,6,1986,Two-Sample t-Test,s.size.ad,0,36150B,286.044,1986,0,Validation Needed,NA,4m; grass 10 to nill,NA,NA,25,C,Aridisols,"Sodic Fan 5-8"" P.Z.",Argids,Haplargids,Xeric Haplargids,fine-loamy,"Fine-loamy, mixed, thermic Xeric Haplargids",Winnedumah,"lakebeds (relict), stream terraces",8,39,0.113239125,14.164575,390633.75,4090390.875,8,39,1
BLK039,r,0,0,0,0,0,,0,0,W,Taboose-Aberdeen,C,Alkali Meadow,x,0,1,1,lpt,lpt,10,10,6,1986,Two-Sample t-Test,s.size.ad,0,45310C,151.976,1986,0,Reliable,NA,3 m stable 10yr; grass drop below 10; could be 20,NA,NA,26,C,Aridisols,Saline Bottom,Durids,Haplodurids,Aquicambidic Haplodurids,loamy,"Loamy, mixed, thermic, shallow Aquicambidic Haplodurids",Division,"lake terraces, stream terraces",10,66,0.13173064,11.50235,390858.7,4089948.5,10,66,1
BLK040,NA,,,,,,not in ts,,,W,,A,Desert Sink Scrub,NA,NA,NA,NA,NA,NA,NA,NA,NA,NA,NA,NA,NA,36120A,58.257,1986,NA,Validation Needed,NA,NA,NA,NA,NA,NA,NA,NA,NA,NA,NA,NA,NA,NA,NA,NA,NA,NA,NA,NA,NA,NA,NA,NA
BLK044,r,0,3,0,0,0,,3,0,W,Taboose-Aberdeen,C,Rabbitbrush Meadow,nbl,0,1,1,lpt,wvcom,6,6,1,1986,One-Sample t-Test,one.val,0,36150B,43.495,1986,0,Reliable,NA,4m stable; trace grass; pcov 20-30bl,NA,NA,27,C,Aridisols,"Sodic Fan 5-8"" P.Z.",Argids,Haplargids,Xeric Haplargids,fine-loamy,"Fine-loamy, mixed, thermic Xeric Haplargids",Winnedumah,"lakebeds (relict), stream terraces",6,35,0.166741667,14.65993333,390330.5,4089822.667,6,35,1
BLK059,r,7,1,1,1,1,,1,1,C,Taboose-Aberdeen,C,Alkali Meadow,a,1,1,NA,lpt,lpt,6,6,6,1986,Two-Sample t-Test,s.size.ad,0,45310C,4.9,1986,0,Validation Needed,NA,NA,"dtw hydrograph starts at 2011, populate with full dtw",add baseline to transects.csv,28,C,Aridisols,Saline Bottom,Argids,Haplargids,Xeric Haplargids,fine-loamy,"Fine-loamy, mixed, thermic Xeric Haplargids",Pokonahbe,"lake terraces, stream terraces",4,7,0.120362275,10.671575,392517.25,4090058.75,6,7,0.666666667
BLK069,r,,0,0,0,0,,0,0,W,Thibaut-Sawmill,A,Desert Sink Scrub,nbl,0,0,1,lpt,wvcom,15,15,1,1986,One-Sample t-Test,one.val,0,35400A,144.508,1987,-1,Validation Needed,NA,NA,NA,NA,29,A,Aridisols,Saline Bottom,Durids,Haplodurids,Aquicambidic Haplodurids,loamy,"Loamy, mixed, thermic, shallow Aquicambidic Haplodurids",Division,"lake terraces, stream terraces",15,229,0.111145,5.8542,391936.9333,4087325.867,15,229,1
BLK074,r,,0,0,3,0,,3,3,W,Thibaut-Sawmill,B,Nevada Saltbush Scrub,nbl,0,0,1,lpt,wvcom,14,14,1,1986,One-Sample t-Test,one.val,0,45310C,118.458,1986,0,Reliable,NA,"5 m stable 10yr; grass ca 5, shrub increase 10 to 30",ndvi-lpi compare - lpi lower than expected - representativeness?,NA,30,B,Aridisols,"Sodic Fan 5-8"" P.Z.",Argids,Haplargids,Xeric Haplargids,fine-loamy,"Fine-loamy, mixed, thermic Xeric Haplargids",Winnedumah,"lakebeds (relict), stream terraces",12,138,0.146285083,6.358861667,391083.0833,4087439.833,14,138,0.857142857
BLK075,r,0,0,1,0,1,,0,0,W,Thibaut-Sawmill,C,Alkali Meadow,x,0,1,1,lpt,lpt,10,10,6,1986,Two-Sample t-Test,s.size.ad,0,45310C,333.523,1986,0,Reliable,NA,2m; 35 to 10 grass decline,NA,NA,31,C,Aridisols,Saline Bottom,Durids,Haplodurids,Aquicambidic Haplodurids,loamy,"Loamy, mixed, thermic, shallow Aquicambidic Haplodurids",Division,"lake terraces, stream terraces",7,56,0.172839429,5.929398571,390559.8571,4087860,10,56,0.7
BLK077,r,0,0,0,0,0,,0,0,W,Thibaut-Sawmill,A,Desert Sink Scrub,x,0,0,1,lpt,lpt,8,8,6,1986,Two-Sample t-Test,s.size.ad,0,45310C,64.7,1987,-1,Validation Needed,NA,NA,NA,add baseline data,32,A,Aridisols,Saline Bottom,Calcids,Petrocalcids,Argic Petrocalcids,fine-loamy,"Fine-loamy, mixed, thermic Argic Petrocalcids",Winerton,stream terraces,8,46,0.101454688,8.65717,390261.5,4087324.75,8,46,1
BLK093,r,0,0,0,0,0,,1,1,W,Thibaut-Sawmill,C,Alkali Meadow,x,0,0,1,lpt,lpt,16,16,5,1986,Two-Sample t-Test,s.size.ad,0,45310C,65.6,1986,0,Validation Needed,NA,NA,NA,NA,33,C,Aridisols,Saline Bottom,Calcids,Petrocalcids,Argic Petrocalcids,fine-loamy,"Fine-loamy, mixed, thermic Argic Petrocalcids",Winerton,stream terraces,16,65,0.116909238,11.3963275,390564.625,4085235.188,16,65,1
BLK094,r,20,1,1,1,1,,1,1,W,Thibaut-Sawmill,C,Alkali Meadow,x,1,1,1,lpt,lpt,17,17,9,1986,Two-Sample t-Test,s.size.ad,0,36120A,81.7,1986,0,Reliable,NA,6m; 30 to 10 grass decline,dtw hydro pre 11,NA,34,C,Aridisols,Saline Bottom,Calcids,Petrocalcids,Argic Petrocalcids,fine-loamy,"Fine-loamy, mixed, thermic Argic Petrocalcids",Winerton,stream terraces,8,332,0.136120375,15.3991,389746.625,4085119.25,17,332,0.470588235
BLK095,r,0,0,0,0,0,,0,0,W,Thibaut-Sawmill,A,Alkali Meadow,x,0,0,1,lpt,lpt,9,9,7,1986,Two-Sample t-Test,s.size.ad,0,45310C,95.4,1987,-1,Validation Needed,NA,NA,NA,add baseline data,35,A,Mollisols,Saline Meadow,Xerolls,Argixerolls,Aquic Argixerolls,fine-loamy,"Fine-loamy, mixed, thermic Aquic Argixerolls",Shondow,stream terraces,8,120,0.111736713,14.0618,389422.75,4083732.125,9,120,0.888888889
BLK096,r,3,1,0,1,0,,1,0,W,Thibaut-Sawmill,A,Desert Sink Scrub,x,1,0,1,lpt,lpt,7,7,5,1986,Two-Sample t-Test,s.size.ad,0,45310C,43.7,1987,-1,Validation Needed,NA,NA,NA,add baseline data,36,A,Entisols,"Sandy 5-8"" P.Z.",Orthents,Torriorthents,Xeric Torriorthents,sandy,"Sandy, mixed, thermic Xeric Torriorthents",Cartago,alluvial fans,6,84,0.09133065,17.91996667,388914.8333,4084346.833,7,84,0.857142857
BLK099,r,0,1,0,0,1,,0,1,W,Thibaut-Sawmill,C,Alkali Meadow,x,0,0,1,lpt,lpt,16,16,8,1986,Two-Sample t-Test,s.size.ad,0,63600D,69.6,1987,-1,Validation Needed,NA,NA,NA,add baseline data,37,C,Mollisols,Saline Meadow,Xerolls,Argixerolls,Aquic Argixerolls,fine-loamy,"Fine-loamy, mixed, thermic Aquic Argixerolls",Shondow,stream terraces,14,171,0.195751643,10.58500357,389868.7143,4083776.786,16,171,0.875
BLK115,r,0,3,3,3,3,,3,3,C,Thibaut-Sawmill,A,Alkali Meadow,x,0,0,1,lpt,lpt,17,17,12,1986,Two-Sample t-Test,s.size.ad,0,45310A,154.189,1986,0,Relative Recovery Reliable,NA,NA,note stable ndvi with 2m dtw,NA,38,A,Aridisols,Saline Bottom,Durids,Haplodurids,Aquicambidic Haplodurids,loamy,"Loamy, mixed, thermic, shallow Aquicambidic Haplodurids",Division,"lake terraces, stream terraces",17,153,0.130689647,6.007351765,392882.2941,4085098.118,17,153,1
BLK142,r,0,1,0,0,1,,0,1,W,Taboose-Aberdeen,C,Alkali Meadow,x,0,1,0,lpt,lpt,16,16,4,1986,One-Sample t-Test,s.err.big,0,45310C,45,1987,-1,Validation Needed,NA,3m; 18 to 8 grass decline,dtw hydro need,add baseline data,39,C,Aridisols,Sodic Flat,Calcids,Petrocalcids,Argic Petrocalcids,fine-loamy,"Fine-loamy, mixed, thermic Argic Petrocalcids",Winerton,stream terraces,8,59,0.122085138,11.81412875,392055.875,4095026.125,15,59,0.533333333
BLK143,r,1,0,0,3,0,,0,0,W,Taboose-Aberdeen,C,Alkali Meadow,x,0,0,1,lpt,lpt,7,7,6,1986,Two-Sample t-Test,s.size.ad,0,45340C,68.674,1986,0,Relative Recovery Reliable,NA,NA,NA,NA,40,C,Entisols,Saline Meadow,Fluvents,Torrifluvents,(blank),not used,Torrifluvents,Torrifluvents,stream terraces,6,25,0.251224333,-1660.688295,392031.3333,4094484,7,25,0.857142857
FSL044,r,8,1,1,0,0,check baseline,1,1,W,Laws,C,Alkali Meadow,a,1,1,NA,lpt,lpt,6,6,6,1987,Two-Sample t-Test,s.size.ad,0,45310C,50.397,1987,0,Current DTW Reliable,NA,2m; g 50bl to 20,NA,NA,41,C,Aridisols,Saline Bottom,Argids,Haplargids,Durinodic Xeric Haplargids,fine-loamy,"Fine-loamy, mixed, thermic Durinodic Xeric Haplargids",Numu,stream terraces,3,45,0.145056333,9.281713333,376204.6667,4141760,6,45,0.5
FSL051,r,0,0,0,0,0,,0,0,W,Laws,C,Alkali Meadow,x,1,1,1,lpt,lpt,8,8,6,1987,Two-Sample t-Test,s.size.ad,0,63600D,308.6,1987,0,Validation Needed,90,2-3m; 50to20 grass,NA,NA,44,C,Mollisols,Moist Floodplain,Aquolls,Endoaquolls,Fluvaquentic Endoaquolls,not used,Fluvaquentic Endoaquolls,Fluvaquentic Endoaquolls,depressions,8,51,0.18189375,11.4501625,377851.875,4141353.25,8,51,1
FSL053,r,0,0,0,0,0,,0,0,W,Laws,C,Alkali Meadow,x,0,1,1,lpt,lpt,8,8,9,1987,Two-Sample t-Test,s.size.ad,0,45310C,88.151,1987,0,Validation Needed,NA,2m;  50to20 grass,NA,NA,45,C,Mollisols,Moist Floodplain,Aquolls,Endoaquolls,Fluvaquentic Endoaquolls,not used,Fluvaquentic Endoaquolls,Fluvaquentic Endoaquolls,depressions,8,42,0.20627,8.0345,376062.875,4141567.75,8,42,1
FSL054,r,,1,3,1,3,,1,3,W,Laws,D,Modoc-Gr.Basin Riparian Scrub,nbl,1,0,NA,lpt,wvcom,18,18,1,1987,One-Sample t-Test,one.val,0,45310C,71.147,1985,2,Reliable,NA,NA,NA,NA,46,D,Mollisols,Moist Floodplain,Aquolls,Endoaquolls,Fluvaquentic Endoaquolls,not used,Fluvaquentic Endoaquolls,Fluvaquentic Endoaquolls,depressions,17,292,0.233766294,8.117787059,374794.1765,4141542.588,18,292,0.944444444
FSL064,r,0,0,0,0,0,,0,0,W,Bishop,C,Alkali Meadow,x,0,1,1,lpt,lpt,16,16,6,1987,Two-Sample t-Test,s.size.ad,0,45310C,119.1,1987,0,Validation Needed,NA,2-3m; 35-20 grass,NA,NA,NA,NA,NA,NA,NA,NA,NA,NA,NA,NA,NA,NA,NA,NA,NA,NA,NA,NA,NA,NA
FSL065,r,1,0,0,3,0,,0,0,W,Bishop,A,Alkali Meadow,x,0,1,1,lpt,lpt,16,12,12,1987,Two-Sample t-Test,s.size.ad,-4,45310C,17.917,1987,0,Current DTW Reliable,NA,2-3m;20 to 10 grass,NA,NA,47,A,Aridisols,Saline Bottom,Argids,Haplargids,Xeric Haplargids,fine-loamy,"Fine-loamy, mixed, thermic Xeric Haplargids",Pokonahbe,stream terraces,10,78,0.11502364,6.975519,376662.3,4139790.8,12,78,0.833333333
FSL109,NA,,,,,,not in ts,,,C,,C,Rush/Sedge Meadow,NA,NA,NA,NA,NA,NA,NA,NA,NA,NA,NA,NA,NA,45330E,83.4,1987,NA,Validation Needed,NA,NA,NA,NA,NA,NA,NA,NA,NA,NA,NA,NA,NA,NA,NA,NA,NA,NA,NA,NA,NA,NA,NA,NA
FSL116,r,0,0,1,0,1,,0,0,W,Bishop,C,Alkali Meadow,x,1,1,1,lpt,lpt,13,13,8,1987,Two-Sample t-Test,s.size.ad,0,45310C,78.2,1987,0,Validation Needed,61,3-4m; 35 to 10 grass,NA,NA,48,C,Aridisols,Saline Bottom,Argids,Haplargids,Xeric Haplargids,fine-loamy,"Fine-loamy, mixed, thermic Xeric Haplargids",Pokonahbe,stream terraces,10,84,0.1507912,11.484942,375435.6,4139759.8,13,84,0.769230769
FSL118,r,0,0,0,0,0,,0,0,W,Bishop,A,Rabbitbrush Scrub,x,0,0,1,lpt,lpt,10,10,12,1987,Two-Sample t-Test,s.size.ad,0,45310C,35.921,1985,2,Relative Recovery Reliable,NA,NA,NA,NA,49,A,Entisols,"Bouldery Fan 5-8"" P.Z.",Orthents,Torriorthents,Xeric Torriorthents,sandy-skeletal,"Sandy-skeletal, mixed, thermic Xeric Torriorthents",Goodale,"alluvial fans, fan terraces",7,146,0.089241343,14.13385714,374753.2857,4139621,10,146,0.7
FSL120,r,0,0,0,0,0,,0,0,W,Bishop,C,Alkali Meadow,x,1,1,1,wvcomm,lpt,18,18,10,1987,Two-Sample t-Test,s.size.ad,0,45310C,17.4,1987,0,Validation Needed,61,3m; 50to20 grass,NA,NA,NA,NA,NA,NA,NA,NA,NA,NA,NA,NA,NA,NA,NA,NA,NA,NA,NA,NA,NA,NA
FSL122,NA,,,,,,not in ts,,,W,,B,Rabbitbrush Scrub,NA,NA,NA,NA,NA,NA,NA,NA,NA,NA,NA,NA,NA,35400A,191.146,1987,NA,Current DTW Reliable,NA,NA,NA,NA,NA,NA,NA,NA,NA,NA,NA,NA,NA,NA,NA,NA,NA,NA,NA,NA,NA,NA,NA,NA
FSL123,r,,0,0,0,0,,0,0,W,Bishop,C,Alkali Meadow,x,1,1,1,wvcomm,lpt,8,8,6,1987,Two-Sample t-Test,s.size.ad,0,45310C,12,1987,0,Validation Needed,61,2m; 45to10 grass,NA,NA,50,C,Mollisols,Moist Floodplain,Aquolls,Endoaquolls,Fluvaquentic Endoaquolls,not used,Fluvaquentic Endoaquolls,Fluvaquentic Endoaquolls,depressions,5,18,0.1970968,6.826112,376416.8,4141085.8,8,18,0.625
FSL124,r,,0,0,0,0,,0,0,W,Bishop,C,Alkali Meadow,nbl,1,1,NA,lpt,wvcom,9,9,1,1987,One-Sample t-Test,one.val,0,45310C,95,1987,0,Validation Needed,NA,2m; 45to15 grass,NA,add baseline data,51,C,Mollisols,Moist Floodplain,Aquolls,Endoaquolls,Fluvaquentic Endoaquolls,not used,Fluvaquentic Endoaquolls,Fluvaquentic Endoaquolls,depressions,9,78,0.203124667,7.127757778,375901.7778,4141286.889,9,78,1
FSL125,r,,0,0,0,0,,0,0,C,Bishop,C,Alkali Meadow,nbl,1,0,NA,lpt,wvcom,3,3,1,1987,One-Sample t-Test,one.val,0,45310C,64.508,1985,2,Reliable,NA,NA,NA,NA,52,C,Mollisols,Moist Floodplain,Aquolls,Endoaquolls,Fluvaquentic Endoaquolls,not used,Fluvaquentic Endoaquolls,Fluvaquentic Endoaquolls,depressions,3,16,0.187963333,7.320106667,375372.3333,4141566.333,3,16,1
FSL126,r,,0,0,0,0,,1,0,C,Bishop,C,Alkali Meadow,nbl,1,0,NA,lpt,wvcom,3,3,1,1987,One-Sample t-Test,one.val,0,45350C,227.772,1985,2,Reliable,NA,NA,NA,NA,53,C,Mollisols,Moist Floodplain,Aquolls,Endoaquolls,Fluvaquentic Endoaquolls,not used,Fluvaquentic Endoaquolls,Fluvaquentic Endoaquolls,depressions,3,13,0.127326,7.58902,374663.6667,4141669.667,3,13,1
FSL128,r,1,0,0,3,3,,0,0,C,Bishop,C,Alkali Meadow,a,0,0,NA,lpt,lpt,8,8,6,1987,Two-Sample t-Test,s.size.ad,0,36150B,82.288,1985,2,Current DTW Reliable,NA,NA,NA,NA,54,C,Mollisols,Moist Floodplain,Aquolls,Endoaquolls,Fluvaquentic Endoaquolls,not used,Fluvaquentic Endoaquolls,Fluvaquentic Endoaquolls,depressions,8,68,0.21925225,7.17024375,373993.75,4141791.375,8,68,1
FSL129,r,0,0,0,0,0,,0,0,C,Bishop,C,Alkali Meadow,a,1,1,NA,lpt,lpt,10,10,10,1987,Two-Sample t-Test,s.size.ad,0,45330E,89.5,1987,0,Validation Needed,NA,NA,NA,add baseline data,55,C,Aridisols,Saline Bottom,Argids,Haplargids,Durinodic Xeric Haplargids,fine-loamy,"Fine-loamy, mixed, thermic Durinodic Xeric Haplargids",Numu,stream terraces,8,109,0.139089125,10.241405,374470.875,4141066.125,10,109,0.8
FSL130,r,0,0,3,0,0,,0,0,W,Bishop,C,Alkali Meadow,a,0,1,NA,wvcomm,lpt,11,11,12,1987,Two-Sample t-Test,s.size.ad,0,45310AC,24.583,1986,1,Reliable,25,3m; 15to10 grass,NA,NA,56,C,Aridisols,Saline Bottom,Argids,Haplargids,Durinodic Xeric Haplargids,fine-loamy,"Fine-loamy, mixed, thermic Durinodic Xeric Haplargids",Numu,stream terraces,10,96,0.10901457,9.850843,374988.7,4141034.6,11,96,0.909090909
FSL133,NA,,,,,,not in ts,,,W,,B,Rabbitbrush Scrub,NA,NA,NA,NA,NA,NA,NA,NA,NA,NA,NA,NA,NA,35400A,69.298,1987,NA,Validation Needed,NA,NA,NA,NA,NA,NA,NA,NA,NA,NA,NA,NA,NA,NA,NA,NA,NA,NA,NA,NA,NA,NA,NA,NA
FSL138,r,1,0,0,1,0,,0,0,C,Bishop,E,Rush/Sedge Meadow,a,1,1,NA,wvcomm,lpt,10,10,8,1987,Two-Sample t-Test,s.size.ad,0,45310C,107.7,1986,1,Validation Needed,25,NA,NA,NA,57,E,Mollisols,Moist Floodplain,Aquolls,Endoaquolls,Fluvaquentic Endoaquolls,not used,Fluvaquentic Endoaquolls,Fluvaquentic Endoaquolls,depressions,9,91,0.281215222,10.74390111,373447.3333,4141449.556,10,91,0.9
FSL166,r,0,0,3,0,0,,3,3,C,Bishop,C,Alkali Meadow,a,0,0,NA,wvcomm,lpt,8,8,6,1987,Two-Sample t-Test,s.size.ad,0,36150A,29.891,1985,2,Reliable,15,precip driven,NA,NA,58,C,Mollisols,Moist Floodplain,Aquolls,Endoaquolls,Fluvaquentic Endoaquolls,not used,Fluvaquentic Endoaquolls,Fluvaquentic Endoaquolls,depressions,8,44,0.290588875,13.349375,372852.75,4141332.5,8,44,1
FSL172,r,0,3,0,0,3,,0,3,C,Bishop,D,Modoc-Gr.Basin Riparian Scrub,a,0,0,NA,lpt,lpt,9,9,3,1987,One-Sample t-Test,s.err.big,0,45310C,301.818,1985,2,Validation Needed,NA,NA,NA,NA,59,D,Mollisols,Moist Floodplain,Aquolls,Endoaquolls,Fluvaquentic Endoaquolls,not used,Fluvaquentic Endoaquolls,Fluvaquentic Endoaquolls,depressions,9,69,0.405644333,11.68827778,371938.8889,4141401.889,9,69,1
FSL179,r,0,0,3,0,3,not in ts,,,C,Bishop,C,Rabbitbrush Meadow,NA,NA,NA,NA,NA,NA,NA,NA,NA,NA,NA,NA,NA,45340C,29.675,1987,NA,Validation Needed,NA,NA,NA,NA,NA,NA,NA,NA,NA,NA,NA,NA,NA,NA,NA,NA,NA,NA,NA,NA,NA,NA,NA,NA
FSL187,r,16,3,3,3,0,,3,3,C,Bishop,A,Alkali Meadow,x,0,0,3,lpt,lpt,12,12,12,1987,Two-Sample t-Test,s.size.ad,0,45310C,21.584,1986,1,Current DTW Reliable,NA,NA,NA,NA,60,A,Mollisols,Moist Floodplain,Aquolls,Endoaquolls,Fluvaquentic Endoaquolls,not used,Fluvaquentic Endoaquolls,Fluvaquentic Endoaquolls,depressions,12,73,0.150649833,6.727410833,368874.8333,4141268.667,12,73,1
FSP004_BGP188,r,0,3,0,3,0,,0,0,W,Big Pine,B,Rabbitbrush Meadow,x,0,0,1,wvcomm,lpt,16,16,4,1986,One-Sample t-Test,s.err.big,0,36150A,61.524,1985,1,Current DTW Reliable,8,NA,NA,NA,14,B,Aridisols,Saline Bottom,Argids,Natrargids,Xeric Natrargids,fine-loamy,"Fine-loamy, mixed, thermic Xeric Natrargids",Hessica,stream terraces,2,7,0.129008,19.47495,388548,4109563.5,2,7,1
FSP006_BGP182,r,0,1,1,0,1,,1,1,W,Big Pine,AC,Alkali Meadow,nbl,1,1,1,lpt,wvcom,7,7,1,1986,One-Sample t-Test,one.val,0,36150B,120.6,1986,0,Validation Needed,NA,6m; 20tonill grass,NA,add baseline data,13,C,Aridisols,Saline Bottom,Argids,Natrargids,Xeric Natrargids,fine-loamy,"Fine-loamy, mixed, thermic Xeric Natrargids",Hessica,stream terraces,3,13,0.0977058,18.48023333,388736.3333,4109675,3,13,1
FSP015,r,0,1,1,0,0,,1,1,W,Big Pine,C,Alkali Meadow,nbl,1,1,NA,lpt,wvcom,14,14,1,1986,One-Sample t-Test,one.val,0,45310C,90.83,1985,1,Reliable,NA,10m;12to5 grass,NA,NA,64,C,Aridisols,Saline Bottom,Argids,Natrargids,Xeric Natrargids,fine-loamy,"Fine-loamy, mixed, thermic Xeric Natrargids",Hessica,stream terraces,14,131,0.095014436,24.71461429,388304.7143,4107685.429,14,131,1
FSP020,r,0,1,0,0,0,,1,0,W,Big Pine,B,Nevada Saltbush Scrub,a,1,0,1,lpt,lpt,17,17,11,1986,Two-Sample t-Test,s.size.ad,0,45310C,62.743,1987,-1,Validation Needed,NA,NA,NA,NA,66,B,Aridisols,Saline Bottom,Argids,Natrargids,Xeric Natrargids,fine-loamy,"Fine-loamy, mixed, thermic Xeric Natrargids",Hessica,stream terraces,14,126,0.103967371,22.26513571,388319.2857,4106308.143,17,126,0.823529412
IND011,r,3,0,1,3,0,,3,0,W,Independence-Oak,C,Alkali Meadow,x,0,1,1,lpt,lpt,12,12,3,1985,One-Sample t-Test,s.err.big,0,45340C,78.119,1985,0,Reliable,NA,3m;30to13grass,NA,NA,70,C,Mollisols,Saline Meadow,Xerolls,Haploxerolls,Oxyaquic Haploxerolls,coarse-loamy,"Coarse-loamy, mixed, mesic Oxyaquic Haploxerolls",Dehy,"alluvial fans, stream terraces",9,86,0.129388,10.65318889,393335.5556,4076801.889,12,86,0.75
IND019,r,10,1,1,1,1,,1,0,W,Independence-Oak,C,Alkali Meadow,x,1,1,1,lpt,lpt,12,12,1,1985,One-Sample t-Test,s.err.big,0,45310C,75.8,1985,0,Validation Needed,NA,4m;45to15grass,NA,NA,71,C,Mollisols,Saline Meadow,Xerolls,Argixerolls,Aquic Argixerolls,fine-loamy,"Fine-loamy, mixed, thermic Aquic Argixerolls",Shondow,stream terraces,10,118,0.1583652,13.92299,392844.9,4078524.2,12,118,0.833333333
IND021,r,8,1,1,1,1,on LAA east of Fort Indy,1,1,W,Independence-Oak,C,Rabbitbrush Meadow,x,1,1,1,lpt,lpt,14,14,1,1985,One-Sample t-Test,s.err.big,0,45310C,43,1985,0,Validation Needed,NA,3m;30to10grass,NA,NA,72,C,Mollisols,Saline Meadow,Xerolls,Haploxerolls,Oxyaquic Haploxerolls,coarse-loamy,"Coarse-loamy, mixed, mesic Oxyaquic Haploxerolls",Dehy,"alluvial fans, stream terraces",14,80,0.156837214,11.29861071,393258.8571,4077371.071,14,80,1
IND024_BLK103,r,0,0,0,0,3,,0,0,W,Thibaut-Sawmill,C,Alkali Meadow,x,1,0,1,lpt,lpt,18,18,2,1985,One-Sample t-Test,s.err.big,0,36150B,182.9,1987,-2,Validation Needed,NA,NA,NA,add baseline data,NA,NA,NA,NA,NA,NA,NA,NA,NA,NA,NA,NA,NA,NA,NA,NA,NA,NA,NA,NA
IND026,r,15,1,1,1,1,,1,1,W,Thibaut-Sawmill,C,Alkali Meadow,x,1,1,1,lpt,lpt,16,16,1,1985,One-Sample t-Test,s.err.big,0,45310C,70.02,1985,0,Validation Needed,NA,4m;50to5grass,NA,NA,73,C,Histosols,Wetland,Saprists,Medisaprists,Typic Medisaprists,not used,"Euic, thermic Typic Medisaprists",Rindge family,"fan terraces, stream terraces",16,37,0.135926813,13.22130625,390216.5625,4081141.25,16,37,1
IND029,r,19,1,1,0,1,,0,1,W,Thibaut-Sawmill,C,Alkali Meadow,x,0,1,1,lpt,lpt,6,6,1,1985,One-Sample t-Test,s.err.big,0,45350C,95.986,1985,0,Reliable,NA,4m;15tonillgrass,NA,NA,74,C,Histosols,Wetland,Saprists,Medisaprists,Typic Medisaprists,not used,"Euic, thermic Typic Medisaprists",Rindge family,"fan terraces, stream terraces",4,36,0.114030675,14.03115,390275.25,4080741,6,36,0.666666667
IND035,r,0,0,0,0,1,,0,1,W,Independence-Oak,C,Alkali Meadow,x,1,1,1,lpt,lpt,11,11,2,1985,One-Sample t-Test,s.err.big,0,45310C,26.074,1985,0,Current DTW Reliable,NA,4m;45to20grass,NA,NA,75,C,Mollisols,Saline Meadow,Xerolls,Argixerolls,Aquic Argixerolls,fine-loamy,"Fine-loamy, mixed, thermic Aquic Argixerolls",Shondow,stream terraces,11,69,0.178598636,11.75495455,391086.6364,4080106.818,11,69,1
IND064,r,0,3,1,0,1,,0,1,C,Independence-Oak,C,Alkali Meadow,x,0,1,1,lpt,lpt,9,9,2,1985,One-Sample t-Test,s.err.big,0,36150B,73.478,1985,0,Current DTW Reliable,NA,NA,NA,NA,76,C,Aridisols,"Sodic Fan 5-8"" P.Z.",Argids,Haplargids,Xeric Haplargids,fine-loamy,"Fine-loamy, mixed, thermic Xeric Haplargids",Winnedumah,"lakebeds (relict), stream terraces",9,64,0.137387778,7.726783333,396654.2222,4077400.778,9,64,1
IND066,NA,,,,,,not in ts,,,C,Independence-Oak,A,Desert Sink Scrub,NA,NA,NA,NA,NA,NA,NA,NA,NA,NA,NA,NA,NA,36120A,51.792,1985,NA,Reliable,NA,NA,NA,NA,NA,NA,NA,NA,NA,NA,NA,NA,NA,NA,NA,NA,NA,NA,NA,NA,NA,NA,NA,NA
IND067,r,1,1,1,1,1,,1,1,C,Independence-Oak,C,Nevada Saltbush Meadow,x,1,1,0,lpt,lpt,18,18,4,1985,One-Sample t-Test,s.err.big,0,45310C,72.996,1985,0,Reliable,NA,NA,NA,NA,77,C,Aridisols,Saline Meadow,Argids,Haplargids,Aquic Haplargids,fine-loamy,"Fine-loamy, mixed, mesic Aquic Haplargids",Manzanar,"lake terraces, stream terraces",18,97,0.125120722,7.155372222,395310.2222,4077389,18,97,1
IND086,r,0,1,1,,,not in ts,,,C,Independence-Oak,C,Alkali Meadow,NA,NA,NA,NA,NA,NA,NA,NA,NA,NA,NA,NA,NA,45310C,69.2,1985,NA,Validation Needed,NA,NA,NA,NA,NA,NA,NA,NA,NA,NA,NA,NA,NA,NA,NA,NA,NA,NA,NA,NA,NA,NA,NA,NA
IND087,r,7,1,1,1,1,,1,1,C,Independence-Oak,C,Alkali Meadow,x,1,1,1,lpt,lpt,13,13,1,1985,One-Sample t-Test,s.err.big,0,36150B,42.4,1985,0,Validation Needed,NA,NA,NA,add baseline data,78,C,Mollisols,Saline Meadow,Xerolls,Argixerolls,Aquic Argixerolls,fine-loamy,"Fine-loamy, mixed, thermic Aquic Argixerolls",Shondow,stream terraces,9,26,0.139090889,7.366335556,396223,4075501.778,13,26,0.692307692
IND096,r,0,0,0,0,0,,1,0,C,Independence-Oak,B,Nevada Saltbush Scrub,x,1,0,0,lpt,lpt,12,12,3,1985,One-Sample t-Test,s.err.big,0,45310C,28.309,1987,-2,Reliable,NA,NA,NA,NA,79,B,Aridisols,"Sodic Fan 5-8"" P.Z.",Argids,Haplargids,Xeric Haplargids,fine-loamy,"Fine-loamy, mixed, thermic Xeric Haplargids",Winnedumah,"lakebeds (relict), stream terraces",12,76,0.143514583,4.325614167,396898,4073892.917,12,76,1
IND099,NA,,,,,,not in ts,,,C,Independence-Oak,B,Nevada Saltbush Scrub,NA,NA,NA,NA,NA,NA,NA,NA,NA,NA,NA,NA,NA,36150B,25.458,1985,NA,Validation Needed,NA,NA,NA,NA,NA,NA,NA,NA,NA,NA,NA,NA,NA,NA,NA,NA,NA,NA,NA,NA,NA,NA,NA,NA
IND106,r,0,3,0,3,0,,3,1,W,Independence-Oak,A,Nevada Saltbush Scrub,nbl,0,0,1,lpt,wvcom,15,15,1,1985,One-Sample t-Test,one.val,0,45310C,53.858,1987,-2,Reliable,NA,NA,NA,NA,80,A,Histosols,Wetland,Saprists,Medisaprists,Typic Medisaprists,not used,"Euic, thermic Typic Medisaprists",Rindge family,"fan terraces, stream terraces",14,101,0.108670779,18.25954286,395583.8571,4073106.857,15,101,0.933333333
IND111,r,0,0,0,0,0,,1,0,W,Independence-Oak,C,Nevada Saltbush Meadow,x,0,0,1,lpt,lpt,13,13,10,1985,Two-Sample t-Test,s.size.ad,0,45340C,108.424,1987,-2,Current DTW Reliable,NA,NA,NA,NA,81,C,Histosols,Wetland,Saprists,Medisaprists,Typic Medisaprists,not used,"Euic, thermic Typic Medisaprists",Rindge family,"fan terraces, stream terraces",7,251,0.147596,20.31625714,393460.2857,4075116.714,13,251,0.538461538
IND119,r,9,1,1,1,1,,1,1,C,Independence-Oak,C,Alkali Meadow,x,1,1,1,wvcomm,lpt,8,8,3,1985,One-Sample t-Test,s.err.big,0,36150B,110.51,1985,0,Reliable,35,NA,NA,NA,82,C,Aridisols,"Sandy Terrace 5-8"" P.Z.",Argids,Natrargids,Typic Natrargids,coarse-loamy,"Coarse-loamy, mixed, thermic Typic Natrargids",Mazourka,stream terraces,8,72,0.097749763,8.35077625,395735.125,4078071.625,8,72,1
IND122,r,0,0,0,0,3,,0,0,C,Independence-Oak,B,Nevada Saltbush Scrub,x,0,1,1,lpt,lpt,16,16,3,1985,One-Sample t-Test,s.err.big,0,45350C,170.265,1985,0,Validation Needed,NA,NA,NA,NA,NA,NA,NA,NA,NA,NA,NA,NA,NA,NA,NA,NA,NA,NA,NA,NA,NA,NA,NA,NA
IND124,r,0,0,0,0,0,,0,0,W,Symmes-Shepherd,B,Nevada Saltbush Scrub,a,1,0,NA,lpt,lpt,5,5,1,1985,One-Sample t-Test,s.err.big,0,45310C,58.959,1985,0,Validation Needed,NA,NA,NA,NA,83,B,Histosols,Wetland,Saprists,Medisaprists,Typic Medisaprists,not used,"Euic, thermic Typic Medisaprists",Rindge family,"fan terraces, stream terraces",3,48,0.115511,21.44593333,396688.6667,4070403.667,5,48,0.6
IND132,r,0,0,1,0,0,,1,1,W,Independence-Oak,B,Nevada Saltbush Scrub,nbl,1,0,1,lpt,wvcom,10,10,1,1985,One-Sample t-Test,one.val,0,45310A,74.245,1987,-2,Validation Needed,NA,NA,NA,NA,84,B,Histosols,Wetland,Saprists,Medisaprists,Typic Medisaprists,not used,"Euic, thermic Typic Medisaprists",Rindge family,"fan terraces, stream terraces",9,107,0.130128333,22.20097778,396414.6667,4072163.222,10,107,0.9
IND133,r,0,0,0,0,0,,0,0,W,Independence-Oak,A,Nevada Saltbush Scrub,nbl,0,NA,1,lpt,wvcom,8,8,1,1985,One-Sample t-Test,one.val,0,45330E,73.9,1985,0,Reliable,NA,NA,NA,NA,85,A,Histosols,Wetland,Saprists,Medisaprists,Typic Medisaprists,not used,"Euic, thermic Typic Medisaprists",Rindge family,"fan terraces, stream terraces",8,31,0.109228963,30.365025,396209.5,4071970,8,31,1
IND139_MAN005,r,0,1,1,1,1,,1,1,W,Symmes-Shepherd,C,Nevada Saltbush Meadow,x,1,1,1,lpt,lpt,23,22,2,1985,One-Sample t-Test,s.err.big,-1,45310C,40.434,1985,0,Current DTW Reliable,NA,6m;20to5grass,NA,NA,86,C,Aridisols,"Sodic Fan 5-8"" P.Z.",Argids,Haplargids,Xeric Haplargids,fine-loamy,"Fine-loamy, mixed, thermic Xeric Haplargids",Winnedumah,"lakebeds (relict), stream terraces",10,155,0.1547601,14.609076,396833.1,4068359,18,155,0.555555556
IND151,r,1,1,1,1,1,,1,1,C,Symmes-Shepherd,C,Alkali Meadow,x,1,1,1,lpt,lpt,15,15,2,1985,One-Sample t-Test,s.err.big,0,45310C,43.348,1987,-2,Relative Recovery Reliable,NA,NA,NA,NA,87,C,Aridisols,Saline Meadow,Argids,Haplargids,Aquic Haplargids,fine-loamy,"Fine-loamy, mixed, mesic Aquic Haplargids",Manzanar,"lake terraces, stream terraces",15,41,0.138522667,9.074236667,399051,4068157.333,15,41,1
IND156,NA,,,,,,,,,C,Symmes-Shepherd,C,Alkali Meadow,NA,NA,NA,NA,NA,NA,NA,NA,NA,NA,NA,NA,NA,45310C,39.516,1985,NA,Validation Needed,NA,NA,NA,NA,NA,NA,NA,NA,NA,NA,NA,NA,NA,NA,NA,NA,NA,NA,NA,NA,NA,NA,NA,NA
IND163_BEE017,r,0,3,0,0,1,,1,1,C,Symmes-Shepherd,C,Alkali Meadow,x,0,1,1,lpt,lpt,20,20,4,1985,One-Sample t-Test,s.err.big,0,45330E,36.453,1987,-2,Relative Recovery Reliable,NA,NA,NA,NA,4,C,Aridisols,"Sandy Terrace 5-8"" P.Z.",Argids,Natrargids,Typic Natrargids,coarse-loamy,"Coarse-loamy, mixed, thermic Typic Natrargids",Mazourka,stream terraces,3,17,0.136033867,11.8947,399583.6667,4068493.667,3,17,1
IND205,r,0,3,3,3,0,,3,0,W,Independence-Oak,C,Alkali Meadow,nbl,0,0,1,lpt,wvcom,8,8,1,1985,One-Sample t-Test,one.val,0,45310C,96.439,1985,0,Validation Needed,NA,NA,NA,NA,89,C,Histosols,Wetland,Saprists,Medisaprists,Typic Medisaprists,not used,"Euic, thermic Typic Medisaprists",Rindge family,"fan terraces, stream terraces",4,14,0.19889125,15.7859,393975.25,4075132.25,8,14,0.5
IND231,r,0,0,0,3,0,,0,0,W,Symmes-Shepherd,A,Nevada Saltbush Scrub,nbl,0,0,1,lpt,wvcom,9,9,1,1985,One-Sample t-Test,one.val,0,45310C,47.877,1985,0,Reliable,NA,NA,NA,bl se large,92,A,Histosols,Wetland,Saprists,Medisaprists,Typic Medisaprists,not used,"Euic, thermic Typic Medisaprists",Rindge family,"fan terraces, stream terraces",8,61,0.104560738,29.3051625,396459.75,4070305.125,9,61,0.888888889
LAW030,r,0,0,3,0,0,,0,0,W,Laws,C,Alkali Meadow,x,0,0,1,lpt,lpt,9,9,12,1987,Two-Sample t-Test,s.size.ad,0,36150B,565.151,1985,2,Reliable,NA,NA,NA,NA,93,C,Entisols,Sodic Terrace,Orthents,Torriorthents,Vitrandic Torriorthents,ashy,"Ashy, calcareous, thermic Vitrandic Torriorthents",Sabies,stream terraces,9,59,0.120697878,31.35113333,381094.4444,4145352.778,9,59,1
LAW035,r,17,1,1,1,0,,1,1,W,Laws,C,Alkali Meadow,x,1,1,1,lpt,lpt,8,8,6,1987,Two-Sample t-Test,s.size.ad,0,45310C,18.835,1987,0,Reliable,NA,10m; 30tonillgrass,NA,NA,94,C,Entisols,Sodic Terrace,Orthents,Torriorthents,Vitrandic Torriorthents,ashy,"Ashy, calcareous, thermic Vitrandic Torriorthents",Sabies,stream terraces,7,41,0.0835588,32.88052857,380332,4145314.429,8,41,0.875
LAW040,NA,,,,,,not in ts,,,W,Laws,B,Nevada Saltbush Scrub,NA,NA,NA,NA,NA,NA,NA,NA,NA,NA,NA,NA,NA,36150B,34.989,1987,NA,Validation Needed,NA,NA,NA,NA,NA,NA,NA,NA,NA,NA,NA,NA,NA,NA,NA,NA,NA,NA,NA,NA,NA,NA,NA,NA
LAW043,r,17,1,1,1,1,,1,1,W,Laws,E,Rush/Sedge Meadow,x,1,1,1,lpt,lpt,9,9,8,1987,Two-Sample t-Test,s.size.ad,0,45340C,48.599,1987,0,Reliable,NA,7m; 60tonillgrass,NA,NA,95,E,Entisols,Sodic Terrace,Orthents,Torriorthents,Vitrandic Torriorthents,ashy,"Ashy, calcareous, thermic Vitrandic Torriorthents",Sabies,stream terraces,8,44,0.087207788,24.8424,380415.375,4143993.75,9,44,0.888888889
LAW052,r,23,1,1,1,1,,1,1,W,Laws,C,Alkali Meadow,x,1,1,1,lpt,lpt,5,5,6,1987,Two-Sample t-Test,s.size.ad,0,36130A,37.624,1987,0,Reliable,NA,8m; 20tonillgrass,NA,NA,96,C,Entisols,Sodic Terrace,Fluvents,Torrifluvents,Vitrandic Torrifluvents,ashy,"Ashy, calcareous, thermic Vitrandic Torrifluvents",Yaney,stream terraces,3,17,0.082431167,24.0872,380382,4143523.333,5,17,0.6
LAW062,r,2,1,1,1,1,"ndvi is above, grass from below 10 to below 5",1,1,W,Laws,C,Rabbitbrush Meadow,x,1,1,1,lpt,lpt,9,9,9,1987,Two-Sample t-Test,s.size.ad,0,45310A,21.415,1987,0,Reliable,NA,8m; 10tonillgrass,NA,NA,97,C,Entisols,Sodic Terrace,Orthents,Torriorthents,Vitrandic Torriorthents,ashy,"Ashy, calcareous, thermic Vitrandic Torriorthents",Sabies,stream terraces,9,46,0.087152733,28.272,379364.4444,4143469.444,9,46,1
LAW063,r,1,3,0,3,0,,0,0,W,Laws,A,Desert Greasewood Scrub,x,1,NA,1,lpt,lpt,9,9,8,1987,Two-Sample t-Test,s.size.ad,0,36150B,407.381,1985,2,Reliable,NA,NA,NA,NA,98,A,Entisols,"Loamy 5-8"" P.Z.",Psamments,Torripsamments,Vitrandic Torripsamments,ashy,"Ashy, thermic Vitrandic Torripsamments",Blindspring,valley floors,6,40,0.077907983,29.02191667,379135.6667,4143593.667,9,40,0.666666667
LAW065,r,0,0,1,0,1,,0,1,W,Laws,A,Alkali Meadow,x,1,1,1,lpt,lpt,5,5,6,1987,Two-Sample t-Test,s.size.ad,0,45330E,15.51,1987,0,Relative Recovery Reliable,NA,8m;10tonillgrass,NA,NA,99,A,Entisols,"Loamy 5-8"" P.Z.",Psamments,Torripsamments,Vitrandic Torripsamments,ashy,"Ashy, thermic Vitrandic Torripsamments",Blindspring,valley floors,3,25,0.076805933,25.5487,378647.3333,4143345.667,5,25,0.6
LAW070,r,0,1,1,0,0,,1,1,W,Laws,E,Rush/Sedge Meadow,x,1,1,1,lpt,lpt,5,5,6,1987,Two-Sample t-Test,s.size.ad,0,45310C,24.2,1987,0,Relative Recovery Reliable,NA,8m;60tonillgrass,NA,NA,100,E,Entisols,Sodic Terrace,Orthents,Torriorthents,Vitrandic Torriorthents,ashy,"Ashy, calcareous, thermic Vitrandic Torriorthents",Sabies,stream terraces,4,17,0.098727075,26.4686,379554,4143255.75,5,17,0.8
LAW072,r,13,0,1,1,1,,0,1,W,Laws,C,Alkali Meadow,x,1,1,1,lpt,lpt,14,14,6,1987,Two-Sample t-Test,s.size.ad,0,45310C,38.941,1987,0,Reliable,NA,7m;60tonillgrass,NA,NA,101,C,Aridisols,Saline Bottom,Argids,Haplargids,Durinodic Xeric Haplargids,fine-loamy,"Fine-loamy, mixed, thermic Durinodic Xeric Haplargids",Numu,stream terraces,14,26,0.108067507,24.99026429,379846.4286,4143089.071,14,26,1
LAW076,r,1,0,0,0,0,,,,W,Laws,A,Desert Greasewood Scrub,NA,NA,NA,NA,NA,NA,NA,NA,NA,NA,NA,NA,NA,36130A,8.85,1987,NA,Validation Needed,NA,NA,NA,NA,NA,NA,NA,NA,NA,NA,NA,NA,NA,NA,NA,NA,NA,NA,NA,NA,NA,NA,NA,NA
LAW078,r,0,0,0,0,1,,0,1,W,Laws,C,Alkali Meadow,x,1,1,1,lpt,lpt,8,8,7,1987,Two-Sample t-Test,s.size.ad,0,45340C,30.24,1987,0,Reliable,NA,6m;40to5grass,NA,NA,102,C,Aridisols,Saline Bottom,Argids,Haplargids,Durinodic Xeric Haplargids,fine-loamy,"Fine-loamy, mixed, thermic Durinodic Xeric Haplargids",Numu,stream terraces,5,40,0.14486816,18.85518,379754.8,4142370,8,40,0.625
LAW082,r,0,0,1,0,1,,1,1,W,Laws,C,Rabbitbrush Meadow,x,1,1,1,wvcomm,lpt,8,8,6,1987,Two-Sample t-Test,s.size.ad,0,45310C,32.484,1987,0,Current DTW Reliable,39,8m; 5tonillgrass,NA,NA,103,C,Entisols,Sodic Terrace,Orthents,Torriorthents,Vitrandic Torriorthents,ashy,"Ashy, calcareous, thermic Vitrandic Torriorthents",Sabies,stream terraces,6,36,0.081926733,26.0458,380517.8333,4142845.167,8,36,0.75
LAW085,r,,1,1,0,1,,1,1,W,Laws,C,Alkali Meadow,nbl,1,1,1,lpt,wvcom,4,4,1,1987,One-Sample t-Test,one.val,0,45310C,346,1986,0,Validation Needed,NA,6m;30to5grass,NA,add baseline data,104,C,Aridisols,Saline Bottom,Argids,Haplargids,Xeric Haplargids,fine-loamy,"Fine-loamy, mixed, thermic Xeric Haplargids",Pokonahbe,"lake terraces, stream terraces",2,30,0.08407975,19.73765,380130.5,4141994,4,30,0.5
LAW104,NA,,,,,,not in ts,,,W,Laws,A,Desert Greasewood Scrub,NA,NA,NA,NA,NA,NA,NA,NA,NA,NA,NA,NA,NA,36130A,27.436,1987,NA,Reliable,NA,NA,NA,NA,NA,NA,NA,NA,NA,NA,NA,NA,NA,NA,NA,NA,NA,NA,NA,NA,NA,NA,NA,NA
LAW105,r,2,3,0,3,0,,3,0,W,Laws,C,Alkali Meadow,a,0,0,1,lpt,lpt,15,14,9,1987,Two-Sample t-Test,s.size.ad,-1,45310C,128.299,1985,2,Validation Needed,NA,NA,NA,NA,105,C,Histosols,Wetland,Saprists,Medisaprists,Typic Medisaprists,not used,"Euic, thermic Typic Medisaprists",Rindge family,"fan terraces, stream terraces",12,193,0.134106933,19.20360833,380260.25,4141153.583,15,193,0.8
LAW107,r,2,3,0,3,0,,3,0,W,Laws,C,Alkali Meadow,x,0,0,1,lpt,lpt,5,5,7,1987,Two-Sample t-Test,s.size.ad,0,45310C,13.503,1985,2,Validation Needed,NA,NA,NA,NA,106,C,Aridisols,Saline Bottom,Argids,Haplargids,Durinodic Xeric Haplargids,fine-loamy,"Fine-loamy, mixed, thermic Durinodic Xeric Haplargids",Numu,stream terraces,4,27,0.1720915,12.0279075,379573,4141974,5,27,0.8
LAW108_FSL047,r,0,0,0,0,0,,0,0,W,Laws,C,Alkali Meadow,a,1,1,NA,lpt,lpt,19,19,8,1987,Two-Sample t-Test,s.size.ad,0,45310C,48.979,1987,0,Current DTW Reliable,NA,15m;50to10grass,NA,NA,43,C,Aridisols,Saline Bottom,Argids,Haplargids,Durinodic Xeric Haplargids,fine-loamy,"Fine-loamy, mixed, thermic Durinodic Xeric Haplargids",Numu,stream terraces,3,38,0.119590367,13.70036667,377929.6667,4141811.667,4,38,0.75
LAW109_FSL048,r,2,3,3,3,0,,3,0,W,Laws,AC,Alkali Meadow,x,1,1,1,lpt,NA,20,20,6,1987,Two-Sample t-Test,s.size.ad,0,45350C,22.187,1987,0,Reliable,NA,4m;15to5grass,NA,NA,NA,NA,NA,NA,NA,NA,NA,NA,NA,NA,NA,NA,NA,NA,NA,NA,NA,NA,NA,NA
LAW110,r,1,3,3,0,0,not in ts,,,W,Laws,C,Alkali Meadow,NA,NA,NA,NA,NA,NA,NA,NA,NA,NA,NA,NA,NA,45310C,46.199,1987,NA,Current DTW Reliable,NA,NA,NA,NA,NA,NA,NA,NA,NA,NA,NA,NA,NA,NA,NA,NA,NA,NA,NA,NA,NA,NA,NA,NA
LAW112,r,0,3,3,0,0,,0,0,W,Laws,C,Nevada Saltbush Meadow,x,1,0,1,lpt,lpt,4,4,6,1987,Two-Sample t-Test,s.size.ad,0,36150B,111.551,1987,0,Reliable,NA,NA,NA,NA,108,C,Histosols,Wetland,Saprists,Medisaprists,Typic Medisaprists,not used,"Euic, thermic Typic Medisaprists",Rindge family,"fan terraces, stream terraces",4,19,0.11120025,18.13385,380371.5,4140433.5,4,19,1
LAW120,r,3,3,3,3,3,,3,0,W,Laws,C,Alkali Meadow,x,0,1,1,lpt,lpt,9,9,12,1987,Two-Sample t-Test,s.size.ad,0,45310C,50.412,1987,0,Validation Needed,NA,6m;20-13grass,NA,NA,109,C,Aridisols,Saline Bottom,Argids,Haplargids,Durinodic Xeric Haplargids,fine-loamy,"Fine-loamy, mixed, thermic Durinodic Xeric Haplargids",Numu,stream terraces,4,51,0.118221825,21.8595,381173.25,4139340.5,9,51,0.444444444
LAW122,r,0,0,0,0,1,,0,1,W,Laws,C,Alkali Meadow,x,1,1,1,lpt,lpt,12,12,9,1987,Two-Sample t-Test,s.size.ad,0,45310C,48.889,1985,2,Validation Needed,NA,7m;55to15grass,NA,bl se large,110,C,Entisols,Saline Meadow,Fluvents,Torrifluvents,(blank),not used,Torrifluvents,Torrifluvents,stream terraces,9,53,0.197942,19.17751111,381349.3333,4138524.778,12,53,0.75
LAW137_PLC210,r,0,0,1,0,1,,0,1,W,Laws,C,Rabbitbrush Meadow,x,0,1,1,lpt,lpt,20,20,12,1987,Two-Sample t-Test,s.size.ad,0,45310C,85.616,1985,2,Validation Needed,NA,8m;10tonillgrass,NA,NA,111,C,Entisols,"Gravelly Loam 5-8"" P.Z.",Orthents,Torriorthents,Typic Torriorthents,loamy-skeletal,"Loamy-skeletal, mixed (calcareous), thermic Typic Torriorthents",Yermo,fan terraces,8,80,0.128906975,26.02835,383532.25,4137743.5,13,80,0.615384615
LAW154,NA,,,,,,not in ts,,,C,,B,Nevada Saltbush Scrub,NA,NA,NA,NA,NA,NA,NA,NA,NA,NA,NA,NA,NA,36150A,20.763,1987,NA,Validation Needed,NA,NA,NA,NA,NA,NA,NA,NA,NA,NA,NA,NA,NA,NA,NA,NA,NA,NA,NA,NA,NA,NA,NA,NA
LAW167,NA,,,,,,not in ts,,,C,,B,Rabbitbrush Scrub,NA,NA,NA,NA,NA,NA,NA,NA,NA,NA,NA,NA,NA,35400A,77.581,1987,NA,Validation Needed,NA,NA,NA,NA,NA,NA,NA,NA,NA,NA,NA,NA,NA,NA,NA,NA,NA,NA,NA,NA,NA,NA,NA,NA
LAW187,NA,,,,,,not in ts,,,C,,C,Alkali Meadow,NA,NA,NA,NA,NA,NA,NA,NA,NA,NA,NA,NA,NA,45310C,64.241,1987,NA,Validation Needed,NA,NA,NA,NA,NA,NA,NA,NA,NA,NA,NA,NA,NA,NA,NA,NA,NA,NA,NA,NA,NA,NA,NA,NA
LNP018,r,0,0,1,0,0,,0,1,C,Lone Pine,C,Alkali Meadow,x,0,1,1,lpt,lpt,10,11,3,1985,One-Sample t-Test,s.err.big,1,45350C,22.764,1985,0,Validation Needed,NA,NA,NA,NA,112,C,Aridisols,"Sandy Terrace 5-8"" P.Z.",Argids,Natrargids,Typic Natrargids,coarse-loamy,"Coarse-loamy, mixed, thermic Typic Natrargids",Mazourka,stream terraces,7,57,0.114320786,13.64201429,406246.8571,4052700.571,11,57,0.636363636
LNP019,r,5,3,3,3,3,,3,3,C,Lone Pine,B,Nevada Saltbush Scrub,x,0,0,3,wvcomm,lpt,15,15,6,1985,Two-Sample t-Test,s.size.ad,0,36150A,101.412,1985,0,Reliable,10,ndvi decline but pcov increase,NA,NA,NA,NA,NA,NA,NA,NA,NA,NA,NA,NA,NA,NA,NA,NA,NA,NA,NA,NA,NA,NA
LNP045,r,0,0,1,0,0,,0,0,W,Lone Pine,C,Nevada Saltbush Meadow,x,1,1,1,lpt,lpt,7,7,3,1985,One-Sample t-Test,s.err.big,0,36120A,31.764,1985,0,Validation Needed,NA,4m;20to5grass,NA,NA,113,C,Aridisols,"Sodic Fan 5-8"" P.Z.",Argids,Haplargids,Xeric Haplargids,fine-loamy,"Fine-loamy, mixed, thermic Xeric Haplargids",Winnedumah,"lakebeds (relict), stream terraces",7,47,0.162095,16.42335714,406047.2857,4049653.714,7,47,1
LNP050,r,11,0,1,1,1,,1,1,C,Lone Pine,C,Alkali Meadow,x,1,1,1,lpt,lpt,18,18,6,1985,Two-Sample t-Test,s.size.ad,0,36150B,146.366,1985,0,Current DTW Reliable,NA,NA,NA,bl se large,114,C,Aridisols,"Sodic Fan 5-8"" P.Z.",Argids,Haplargids,Xeric Haplargids,fine-loamy,"Fine-loamy, mixed, thermic Xeric Haplargids",Winnedumah,"lakebeds (relict), stream terraces",14,84,0.141769643,12.73565714,406347.6429,4048798.214,18,84,0.777777778
LNP095,r,0,0,0,0,1,,0,1,C,Lone Pine,C,Alkali Meadow,x,0,1,0,lpt,lpt,18,18,12,1985,Two-Sample t-Test,s.size.ad,0,45310C,170.217,1987,-2,Reliable,NA,NA,NA,NA,NA,NA,NA,NA,NA,NA,NA,NA,NA,NA,NA,NA,NA,NA,NA,NA,NA,NA,NA,NA
MAN006_IND229,r,0,3,0,0,0,,0,0,W,Symmes-Shepherd,C,Alkali Meadow,x,0,0,1,lpt,lpt,10,11,4,1985,One-Sample t-Test,s.err.big,1,45310C,53.711,1987,-2,Validation Needed,NA,NA,NA,NA,91,C,Aridisols,"Sodic Fan 5-8"" P.Z.",Argids,Haplargids,Xeric Haplargids,fine-loamy,"Fine-loamy, mixed, thermic Xeric Haplargids",Winnedumah,"lakebeds (relict), stream terraces",7,29,0.136019571,8.546711429,397106,4067870.143,7,29,1
MAN007,r,0,0,3,0,3,,0,3,W,Symmes-Shepherd,B,Nevada Saltbush Scrub,x,0,0,1,lpt,lpt,22,18,8,1985,Two-Sample t-Test,s.size.ad,-4,45340C,54.088,1987,-2,Relative Recovery Reliable,NA,NA,NA,NA,117,B,Aridisols,"Sodic Fan 5-8"" P.Z.",Argids,Haplargids,Xeric Haplargids,fine-loamy,"Fine-loamy, mixed, thermic Xeric Haplargids",Winnedumah,"lakebeds (relict), stream terraces",22,581,0.131170036,12.12123091,397824.0455,4066029.455,22,581,1
MAN014,r,0,0,0,0,1,,1,1,C,Symmes-Shepherd,C,Nevada Saltbush Meadow,x,1,1,1,wvcomm,lpt,6,6,3,1985,One-Sample t-Test,s.err.big,0,36150B,51.7,1987,-2,Validation Needed,50,NA,NA,NA,118,C,Aridisols,Saline Bottom,Argids,Natrargids,Xeric Natrargids,coarse-loamy,"Coarse-loamy, mixed, thermic Xeric Natrargids",Rienhakel,"lake terraces, stream terraces",6,23,0.088762033,8.300928333,399071.5,4067164.5,6,23,1
MAN017,NA,,,,,,not in ts,,,W,,B,Rabbitbrush Scrub,NA,NA,NA,NA,NA,NA,NA,NA,NA,NA,NA,NA,NA,35400B,159.956,1985,NA,Reliable,NA,NA,NA,NA,NA,NA,NA,NA,NA,NA,NA,NA,NA,NA,NA,NA,NA,NA,NA,NA,NA,NA,NA,NA
MAN034,r,0,3,0,0,0,,0,0,W,Bairs-George,A,Desert Sink Scrub,x,1,1,1,lpt,lpt,6,6,3,1985,One-Sample t-Test,s.err.big,0,45310C,52.7,1987,-2,Validation Needed,NA,3m;10to5grass,NA,NA,119,A,Aridisols,Saline Bottom,Argids,Natrargids,Xeric Natrargids,coarse-loamy,"Coarse-loamy, mixed, thermic Xeric Natrargids",Rienhakel,"lake terraces, stream terraces",4,31,0.110284525,12.1705,398838.5,4064148.25,6,31,0.666666667
MAN037,r,0,0,0,0,0,,1,1,W,Bairs-George,B,Nevada Saltbush Scrub,x,1,1,1,wvcomm,lpt,14,14,3,1985,One-Sample t-Test,s.err.big,0,45340C,14.139,1987,-2,Reliable,30,4m;5tonillgrass,NA,NA,120,B,Aridisols,"Sodic Fan 5-8"" P.Z.",Argids,Haplargids,Xeric Haplargids,fine-loamy,"Fine-loamy, mixed, thermic Xeric Haplargids",Winnedumah,"lakebeds (relict), stream terraces",8,146,0.1391072,15.8030125,398579.5,4063360.5,14,146,0.571428571
MAN038,r,0,1,1,1,1,not in ts,,,W,Bairs-George,C,Nevada Saltbush Meadow,NA,NA,NA,NA,NA,NA,NA,NA,NA,NA,NA,NA,NA,45350C,186.6,1985,NA,Validation Needed,NA,NA,NA,NA,NA,NA,NA,NA,NA,NA,NA,NA,NA,NA,NA,NA,NA,NA,NA,NA,NA,NA,NA,NA
MAN042,r,0,3,0,3,0,,0,0,W,Bairs-George,A,Rabbitbrush Scrub,x,0,1,1,wvcomm,lpt,16,16,2,1985,One-Sample t-Test,s.err.big,0,45340C,12.8,1987,-2,Validation Needed,41,8m;nill grass,NA,NA,121,A,Histosols,Wetland,Saprists,Medisaprists,Typic Medisaprists,not used,"Euic, thermic Typic Medisaprists",Rindge family,"fan terraces, stream terraces",8,132,0.129348988,22.4018875,397002.625,4063639.25,16,132,0.5
MAN060,r,0,3,1,0,1,,0,1,C,Bairs-George,C,Alkali Meadow,x,0,1,3,lpt,lpt,4,4,3,1985,One-Sample t-Test,s.err.big,0,45310C,41.994,1986,-1,Validation Needed,NA,NA,NA,NA,122,C,Mollisols,Wet Meadow,Aquolls,Endoaquolls,Cumulic Endoaquolls,coarse-loamy,"Coarse-loamy, mixed, mesic Cumulic Endoaquolls",Conway,alluvial fans,4,14,0.36137775,42.616775,398156,4058159,4,14,1
PLC007,r,0,0,0,0,0,,0,0,W,Bishop,B,Nevada Saltbush Scrub,x,0,0,1,lpt,lpt,18,18,10,1987,Two-Sample t-Test,s.size.ad,0,36150B,65.103,1987,0,Reliable,NA,NA,NA,NA,123,B,Mollisols,Saline Meadow,Xerolls,Argixerolls,Aquic Argixerolls,fine-loamy,"Fine-loamy, mixed, thermic Aquic Argixerolls",Shondow,stream terraces,14,102,0.113823836,20.49266429,379393.1429,4136194.214,18,102,0.777777778
PLC024,r,0,0,0,0,0,,0,0,C,,C,Alkali Meadow,x,0,0,1,lpt,lpt,8,8,12,1987,Two-Sample t-Test,s.size.ad,0,35400B,60.674,1987,0,Validation Needed,NA,NA,NA,NA,124,C,Entisols,Saline Meadow,Fluvents,Torrifluvents,(blank),not used,Torrifluvents,Torrifluvents,stream terraces,7,54,0.186537714,18.41084286,381467.7143,4135287,8,54,0.875
PLC028,r,0,0,1,0,1,,0,1,C,,C,Alkali Meadow,x,1,1,1,lpt,lpt,18,18,6,1987,Two-Sample t-Test,s.size.ad,0,45310A,84.592,1986,1,Current DTW Reliable,NA,NA,NA,NA,125,C,Mollisols,Saline Meadow,Xerolls,Argixerolls,Aquic Argixerolls,fine-loamy,"Fine-loamy, mixed, thermic Aquic Argixerolls",Shondow,stream terraces,18,169,0.17872695,20.23591667,379347.2222,4134803.944,18,169,1
PLC055,NA,,,,,,not in ts,,,C,,B,Nevada Saltbush Scrub,NA,NA,NA,NA,NA,NA,NA,NA,NA,NA,NA,NA,NA,36150A,116.835,1987,NA,Relative Recovery Reliable,NA,NA,NA,NA,NA,NA,NA,NA,NA,NA,NA,NA,NA,NA,NA,NA,NA,NA,NA,NA,NA,NA,NA,NA
PLC056,r,2,0,1,3,0,,3,0,C,,C,Rabbitbrush Meadow,x,0,1,1,lpt,lpt,15,15,6,1987,Two-Sample t-Test,s.size.ad,0,45310C,19.396,1986,1,Relative Recovery Reliable,NA,NA,NA,NA,NA,NA,NA,NA,NA,NA,NA,NA,NA,NA,NA,NA,NA,NA,NA,NA,NA,NA,NA,NA
PLC059,r,3,0,0,3,0,,3,0,C,,B,Nevada Saltbush Scrub,x,0,1,1,lpt,lpt,16,16,9,1987,Two-Sample t-Test,s.size.ad,0,36150B,70.624,1986,1,Validation Needed,NA,"grass under 5%, dtw 4m",NA,NA,NA,NA,NA,NA,NA,NA,NA,NA,NA,NA,NA,NA,NA,NA,NA,NA,NA,NA,NA,NA
PLC064,NA,,,,,,not in ts,,,C,,B,Rabbitbrush Scrub,NA,NA,NA,NA,NA,NA,NA,NA,NA,NA,NA,NA,NA,35400A,34.937,1987,NA,Reliable,NA,NA,NA,NA,NA,NA,NA,NA,NA,NA,NA,NA,NA,NA,NA,NA,NA,NA,NA,NA,NA,NA,NA,NA
PLC065,NA,,,,,,not in ts,,,C,,B,Rabbitbrush Scrub,NA,NA,NA,NA,NA,NA,NA,NA,NA,NA,NA,NA,NA,35400A,36.333,1987,NA,Reliable,NA,NA,NA,NA,NA,NA,NA,NA,NA,NA,NA,NA,NA,NA,NA,NA,NA,NA,NA,NA,NA,NA,NA,NA
PLC069,NA,,,,,,not in ts,,,C,,A,Desert Greasewood Scrub,NA,NA,NA,NA,NA,NA,NA,NA,NA,NA,NA,NA,NA,36130A,38.963,1987,NA,Reliable,NA,NA,NA,NA,NA,NA,NA,NA,NA,NA,NA,NA,NA,NA,NA,NA,NA,NA,NA,NA,NA,NA,NA,NA
PLC070,r,,1,1,1,1,,1,1,C,,C,Nevada Saltbush Meadow,nbl,1,1,NA,lpt,wvcom,12,12,1,1987,One-Sample t-Test,one.val,0,45310C,90.5,1986,1,Validation Needed,NA,NA,NA,add baseline to transects.csv,126,C,Aridisols,Saline Bottom,Argids,Natrargids,Xeric Natrargids,coarse-loamy,"Coarse-loamy, mixed, thermic Xeric Natrargids",Rienhakel,"lake terraces, stream terraces",8,54,0.094236013,11.6585375,381128,4129085.875,12,54,0.666666667
PLC072,r,3,3,0,3,0,,3,0,C,,B,Rabbitbrush Scrub,x,0,0,1,lpt,lpt,12,12,6,1987,Two-Sample t-Test,s.size.ad,0,45310C,34.34,1987,0,Validation Needed,NA,NA,NA,NA,127,B,Aridisols,"Loamy 5-8"" P.Z.",Durids,Haplodurids,Cambidic Haplodurids,coarse-loamy,"Coarse-loamy, mixed, thermic Cambidic Haplodurids",Poleta,stream terraces,11,60,0.102360836,13.75616364,379911.1818,4130761.818,12,60,0.916666667
PLC088,r,0,0,0,0,0,,3,0,C,,C,Alkali Meadow,x,1,1,1,lpt,lpt,16,16,6,1987,Two-Sample t-Test,s.size.ad,0,35400B,44.689,1986,1,Reliable,NA,5-6 m; need wt recovery,NA,NA,128,C,Aridisols,Saline Meadow,Argids,Haplargids,Aquic Haplargids,fine-loamy,"Fine-loamy, mixed, mesic Aquic Haplargids",Manzanar,stream terraces,14,50,0.134531357,13.43654286,379038.7143,4130215.929,16,50,0.875
PLC092,r,4,0,0,3,0,,3,0,C,,B,Rabbitbrush Scrub,x,0,1,1,lpt,lpt,15,15,6,1987,Two-Sample t-Test,s.size.ad,0,45310C,146.266,1987,0,Reliable,NA,"10-20 grass; could be 20-30, wt at 2m",NA,NA,NA,NA,NA,NA,NA,NA,NA,NA,NA,NA,NA,NA,NA,NA,NA,NA,NA,NA,NA,NA
PLC097,r,0,0,0,0,0,,0,0,C,,C,Alkali Meadow,x,0,0,3,lpt,lpt,6,6,6,1987,Two-Sample t-Test,s.size.ad,0,45310C,52.488,1987,0,Validation Needed,NA,NA,NA,NA,129,C,Aridisols,Saline Meadow,Argids,Haplargids,Aquic Haplargids,fine-loamy,"Fine-loamy, mixed, mesic Aquic Haplargids",Manzanar,stream terraces,6,35,0.159033333,10.06472,379758.3333,4128503.167,6,35,1
PLC106,r,,1,1,0,1,,1,1,C,,C,Rabbitbrush Meadow,nbl,1,1,1,lpt,wvcom,6,6,1,1987,One-Sample t-Test,one.val,0,45310C,66.4,1987,0,Validation Needed,NA,2-3 m,NA,add baseline to transects.csv,130,C,Aridisols,Saline Bottom,Argids,Natrargids,Xeric Natrargids,coarse-loamy,"Coarse-loamy, mixed, thermic Xeric Natrargids",Rienhakel,"lake terraces, stream terraces",6,13,0.0874955,11.27218333,381433.1667,4128546.833,6,13,1
PLC107,r,,1,0,1,1,,1,0,C,,C,Rabbitbrush Meadow,nbl,1,0,NA,lpt,wvcom,4,4,1,1987,One-Sample t-Test,one.val,0,45310A,80.011,1987,0,Validation Needed,NA,NA,NA,NA,131,C,Aridisols,Saline Bottom,Argids,Natrargids,Xeric Natrargids,coarse-loamy,"Coarse-loamy, mixed, thermic Xeric Natrargids",Rienhakel,"lake terraces, stream terraces",4,16,0.0894558,11.4586,381619.75,4128482.25,4,16,1
PLC110,NA,,,,,,,,,C,,B,Rabbitbrush Scrub,NA,NA,NA,NA,NA,NA,NA,NA,NA,NA,NA,NA,NA,35400B,76.57,1987,NA,Reliable,NA,NA,NA,NA,NA,NA,NA,NA,NA,NA,NA,NA,NA,NA,NA,NA,NA,NA,NA,NA,NA,NA,NA,NA
PLC111,NA,,,,,,,,,C,,B,Rabbitbrush Scrub,NA,NA,NA,NA,NA,NA,NA,NA,NA,NA,NA,NA,NA,35400A,58.955,1987,NA,Reliable,NA,NA,NA,NA,NA,NA,NA,NA,NA,NA,NA,NA,NA,NA,NA,NA,NA,NA,NA,NA,NA,NA,NA,NA
PLC113,r,0,0,1,,,not in ts,,,C,,B,Rabbitbrush Scrub,NA,NA,NA,NA,NA,NA,NA,NA,NA,NA,NA,NA,NA,35400B,60.702,1987,NA,Reliable,NA,NA,NA,NA,NA,NA,NA,NA,NA,NA,NA,NA,NA,NA,NA,NA,NA,NA,NA,NA,NA,NA,NA,NA
PLC121,r,0,0,0,0,0,,3,0,C,,C,Alkali Meadow,x,0,0,1,lpt,lpt,14,14,9,1987,Two-Sample t-Test,s.size.ad,0,45340C,115.424,1987,0,Validation Needed,NA,NA,NA,NA,132,C,Mollisols,Moist Floodplain,Aquolls,Endoaquolls,Fluvaquentic Endoaquolls,not used,Fluvaquentic Endoaquolls,Fluvaquentic Endoaquolls,depressions,11,51,0.170491727,10.62865455,382991.5455,4127663.818,14,51,0.785714286
PLC125,NA,,,,,,,,,C,,C,Rabbitbrush Meadow,NA,NA,NA,NA,NA,NA,NA,NA,NA,NA,NA,NA,NA,45340A,56.029,1987,NA,Validation Needed,NA,NA,NA,NA,NA,NA,NA,NA,NA,NA,NA,NA,NA,NA,NA,NA,NA,NA,NA,NA,NA,NA,NA,NA
PLC136,r,3,0,0,3,0,,3,0,C,,A,Alkali Meadow,x,0,1,1,lpt,lpt,15,15,10,1987,Two-Sample t-Test,s.size.ad,0,45340C,45.305,1987,0,Reliable,NA,4-6 m; grass 8-20,NA,NA,NA,NA,NA,NA,NA,NA,NA,NA,NA,NA,NA,NA,NA,NA,NA,NA,NA,NA,NA,NA
PLC137,r,0,0,0,0,0,,0,0,C,,C,Rabbitbrush Meadow,x,0,0,1,lpt,lpt,16,16,10,1987,Two-Sample t-Test,s.size.ad,0,45310C,70,1987,0,Relative Recovery Reliable,NA,NA,NA,NA,133,C,Aridisols,Saline Meadow,Argids,Haplargids,Aquic Haplargids,fine-loamy,"Fine-loamy, mixed, mesic Aquic Haplargids",Manzanar,stream terraces,10,113,0.1236178,9.137965,379344,4127688,16,113,0.625
PLC144,r,0,0,0,0,0,,0,0,C,,C,Alkali Meadow,x,0,0,0,lpt,lpt,15,15,6,1987,Two-Sample t-Test,s.size.ad,0,45310C,75.111,1987,0,Current DTW Reliable,NA,NA,NA,NA,NA,NA,NA,NA,NA,NA,NA,NA,NA,NA,NA,NA,NA,NA,NA,NA,NA,NA,NA,NA
PLC187,NA,,,,,,,,,C,,B,Rabbitbrush Scrub,NA,NA,NA,NA,NA,NA,NA,NA,NA,NA,NA,NA,NA,35400B,57.685,1987,NA,Relative Recovery Reliable,NA,NA,NA,NA,NA,NA,NA,NA,NA,NA,NA,NA,NA,NA,NA,NA,NA,NA,NA,NA,NA,NA,NA,NA
PLC193,NA,,,,,,,,,C,,B,Rabbitbrush Scrub,NA,NA,NA,NA,NA,NA,NA,NA,NA,NA,NA,NA,NA,35400B,199.754,1987,NA,Baseline Not Reliable,NA,NA,NA,NA,NA,NA,NA,NA,NA,NA,NA,NA,NA,NA,NA,NA,NA,NA,NA,NA,NA,NA,NA,NA
PLC220,r,0,0,0,,,not in ts,,,C,,C,Alkali Meadow,NA,NA,NA,NA,NA,NA,NA,NA,NA,NA,NA,NA,NA,45310C,145.463,1987,NA,Reliable,NA,NA,NA,NA,NA,NA,NA,NA,NA,NA,NA,NA,NA,NA,NA,NA,NA,NA,NA,NA,NA,NA,NA,NA
PLC223,r,3,0,1,3,0,,3,0,C,,C,Alkali Meadow,x,0,0,1,lpt,lpt,15,15,6,1987,Two-Sample t-Test,s.size.ad,0,36130A,163.764,1986,1,Current DTW Reliable,NA,NA,NA,NA,135,C,Aridisols,Sodic Terrace,Argids,Natrargids,Typic Natrargids,coarse-loamy,"Coarse-loamy, mixed, thermic Typic Natrargids",Mazourka,stream terraces,6,72,0.093448383,19.87608333,383585.8333,4132561,15,72,0.4
PLC239,NA,,,,,,,,,C,,B,Rabbitbrush Scrub,NA,NA,NA,NA,NA,NA,NA,NA,NA,NA,NA,NA,NA,35400A,59.022,1987,NA,Validation Needed,NA,NA,NA,NA,NA,NA,NA,NA,NA,NA,NA,NA,NA,NA,NA,NA,NA,NA,NA,NA,NA,NA,NA,NA
PLC240,NA,,,,,,,,,C,,B,Nevada Saltbush Scrub,NA,NA,NA,NA,NA,NA,NA,NA,NA,NA,NA,NA,NA,36150A,114.223,1987,NA,Validation Needed,NA,NA,NA,NA,NA,NA,NA,NA,NA,NA,NA,NA,NA,NA,NA,NA,NA,NA,NA,NA,NA,NA,NA,NA
PLC241,NA,,,,,,,,,C,,B,Nevada Saltbush Scrub,NA,NA,NA,NA,NA,NA,NA,NA,NA,NA,NA,NA,NA,36150A,62.057,1987,NA,Validation Needed,NA,NA,NA,NA,NA,NA,NA,NA,NA,NA,NA,NA,NA,NA,NA,NA,NA,NA,NA,NA,NA,NA,NA,NA
PLC246,NA,,,,,,,,,C,,A,Desert Greasewood Scrub,NA,NA,NA,NA,NA,NA,NA,NA,NA,NA,NA,NA,NA,36130A,62.178,1987,NA,Validation Needed,NA,NA,NA,NA,NA,NA,NA,NA,NA,NA,NA,NA,NA,NA,NA,NA,NA,NA,NA,NA,NA,NA,NA,NA
PLC251,NA,,,,,,,,,C,,B,Nevada Saltbush Scrub,NA,NA,NA,NA,NA,NA,NA,NA,NA,NA,NA,NA,NA,36150A,78.487,1987,NA,Reliable,NA,NA,NA,NA,NA,NA,NA,NA,NA,NA,NA,NA,NA,NA,NA,NA,NA,NA,NA,NA,NA,NA,NA,NA
PLC263,NA,,,,,,,,,C,,C,Rabbitbrush Meadow,NA,NA,NA,NA,NA,NA,NA,NA,NA,NA,NA,NA,NA,45340A,20.993,1987,NA,Validation Needed,NA,NA,NA,NA,NA,NA,NA,NA,NA,NA,NA,NA,NA,NA,NA,NA,NA,NA,NA,NA,NA,NA,NA,NA
TIN006,r,,,,,,not in ts,,,W,Big Pine,A,Desert Sink Scrub,nbl,NA,NA,NA,NA,NA,NA,NA,NA,NA,NA,NA,NA,36120A,50.791,1986,NA,Reliable,NA,NA,NA,NA,NA,NA,NA,NA,NA,NA,NA,NA,NA,NA,NA,NA,NA,NA,NA,NA,NA,NA,NA,NA
TIN028_FSP022_FSP019,r,0,0,0,0,0,,0,0,W,Big Pine,A,Desert Greasewood Scrub,x,0,0,1,lpt,lpt,16,16,6,1986,Two-Sample t-Test,s.size.ad,0,45310C,349.497,1986,0,Current DTW Reliable,NA,NA,NA,NA,65,A,Aridisols,Saline Bottom,Argids,Natrargids,Xeric Natrargids,fine-loamy,"Fine-loamy, mixed, thermic Xeric Natrargids",Hessica,stream terraces,1,3,0.0993018,21.5151,388794,4106571,1,3,1
TIN030,r,0,0,0,0,0,,0,0,W,Big Pine,C,Alkali Meadow,x,0,0,1,lpt,lpt,24,24,12,1986,Two-Sample t-Test,s.size.ad,0,45310C,102.695,1986,0,Validation Needed,NA,NA,NA,NA,137,C,Entisols,"Loamy 5-8"" P.Z.",Orthents,Torriorthents,Xeric Torriorthents,coarse-loamy,"Coarse-loamy, mixed, nonacid, thermic Xeric Torriorthents",Hesperia,alluvial fans,20,351,0.1528804,21.257215,389772.95,4104379.2,24,351,0.833333333
TIN050,r,0,0,1,0,1,,0,1,W,Taboose-Aberdeen,C,Alkali Meadow,x,0,1,1,lpt,lpt,14,14,9,1986,Two-Sample t-Test,s.size.ad,0,35400B,280.134,1986,0,Current DTW Reliable,NA,5m; 35to10grass,NA,NA,138,C,Mollisols,Moist Floodplain,Aquolls,Endoaquolls,Fluvaquentic Endoaquolls,not used,Fluvaquentic Endoaquolls,Fluvaquentic Endoaquolls,depressions,13,101,0.150745715,14.3246,391332.2308,4098373.385,14,101,0.928571429
TIN053,r,0,1,1,0,1,,0,1,W,Taboose-Aberdeen,A,Alkali Meadow,x,0,1,1,lpt,lpt,16,16,6,1986,Two-Sample t-Test,s.size.ad,0,45310C,247.762,1986,0,Reliable,NA,4-3m;30to12grass,NA,NA,139,A,Mollisols,Moist Floodplain,Aquolls,Endoaquolls,Fluvaquentic Endoaquolls,not used,Fluvaquentic Endoaquolls,Fluvaquentic Endoaquolls,depressions,8,68,0.156377375,13.0410125,391437.25,4097386,16,68,0.5
TIN064,r,0,1,1,0,1,,1,1,W,Taboose-Aberdeen,C,Alkali Meadow,x,1,1,1,lpt,lpt,8,8,4,1986,One-Sample t-Test,s.err.big,0,45350C,259.802,1986,0,Baseline Not Reliable,NA,5m;20tonillgrass,NA,NA,141,C,Mollisols,Saline Meadow,Xerolls,Argixerolls,Aquic Argixerolls,fine-loamy,"Fine-loamy, mixed, thermic Aquic Argixerolls",Shondow,stream terraces,8,42,0.11494765,23.4931375,390930.375,4096362.125,8,42,1
TIN068,r,0,0,1,0,1,,1,1,W,Taboose-Aberdeen,A,Alkali Meadow,x,1,1,1,lpt,lpt,9,9,8,1986,Two-Sample t-Test,s.size.ad,0,45310C,37.872,1986,0,Validation Needed,NA,4m; 10to2grass,current SEM are much higher than previous samples/investigate,NA,142,A,Aridisols,Sodic Flat,Calcids,Petrocalcids,Argic Petrocalcids,fine-loamy,"Fine-loamy, mixed, thermic Argic Petrocalcids",Winerton,stream terraces,8,84,0.075903288,14.2281875,391522.75,4096333.625,9,84,0.888888889
UHL052,NA,,,,,,,,,W,,A,Desert Greasewood Scrub,NA,NA,NA,NA,NA,NA,NA,NA,NA,NA,NA,NA,NA,36130A,80.379,1986,NA,Relative Recovery Reliable,NA,NA,NA,NA,NA,NA,NA,NA,NA,NA,NA,NA,NA,NA,NA,NA,NA,NA,NA,NA,NA,NA,NA,NA
UNW029,r,0,3,0,0,0,,0,0,C,Bairs-George,C,Alkali Meadow,x,0,0,1,lpt,lpt,5,5,4,1985,One-Sample t-Test,s.err.big,0,45310C,53.439,1986,-1,Current DTW Reliable,NA,NA,NA,NA,143,C,Aridisols,Saline Bottom,Argids,Natrargids,Xeric Natrargids,coarse-loamy,"Coarse-loamy, mixed, thermic Xeric Natrargids",Rienhakel,"lake terraces, stream terraces",5,30,0.1143846,11.148578,400714.8,4064905.4,5,30,1
UNW031,r,0,3,0,0,1,,3,0,C,Bairs-George,E,Rush/Sedge Meadow,x,0,1,3,lpt,lpt,16,16,2,1985,One-Sample t-Test,s.err.big,0,45310C,66.936,1986,-1,Validation Needed,NA,4-2m; grass 15-10,NA,NA,NA,NA,NA,NA,NA,NA,NA,NA,NA,NA,NA,NA,NA,NA,NA,NA,NA,NA,NA,NA
UNW039,r,0,3,3,0,3,,0,3,C,Bairs-George,B,Nevada Saltbush Scrub,x,0,0,1,wvcomm,lpt,23,23,6,1985,Two-Sample t-Test,s.size.ad,0,45310C,17.547,1985,0,Reliable,35,NA,NA,NA,144,B,Aridisols,"Sodic Fan 5-8"" P.Z.",Argids,Haplargids,Xeric Haplargids,fine-loamy,"Fine-loamy, mixed, thermic Xeric Haplargids",Winnedumah,"lakebeds (relict), stream terraces",16,402,0.127014275,8.878309375,400985.125,4062419,23,402,0.695652174
UNW072,NA,,,,,,,,,C,,B,Nevada Saltbush Scrub,NA,NA,NA,NA,NA,NA,NA,NA,NA,NA,NA,NA,NA,36150B,81.683,1985,NA,Reliable,NA,NA,NA,NA,NA,NA,NA,NA,NA,NA,NA,NA,NA,NA,NA,NA,NA,NA,NA,NA,NA,NA,NA,NA
UNW073,NA,,,,,,,,,C,,B,Nevada Saltbush Scrub,NA,NA,NA,NA,NA,NA,NA,NA,NA,NA,NA,NA,NA,36150B,70.236,1985,NA,Reliable,NA,NA,NA,NA,NA,NA,NA,NA,NA,NA,NA,NA,NA,NA,NA,NA,NA,NA,NA,NA,NA,NA,NA,NA
UNW074,r,0,0,0,0,0,not in ts,,,C,,C,Alkali Meadow,NA,NA,NA,NA,NA,NA,NA,NA,NA,NA,NA,NA,NA,45310C,78.1,1985,NA,Reliable,NA,NA,NA,NA,NA,NA,NA,NA,NA,NA,NA,NA,NA,NA,NA,NA,NA,NA,NA,NA,NA,NA,NA,NA
UNW079,NA,,,,,,,,,C,Bairs-George,C,Nevada Saltbush Meadow,x,0,0,3,lpt,lpt,9,9,4,1985,One-Sample t-Test,s.err.big,0,36150B,49.446,1985,0,Validation Needed,NA,NA,NA,NA,145,C,Mollisols,Moist Floodplain,Aquolls,Endoaquolls,Fluvaquentic Endoaquolls,not used,Fluvaquentic Endoaquolls,Fluvaquentic Endoaquolls,depressions,9,48,0.394242889,16.30524444,402866.5556,4057936.556,9,48,1
