Parcel,Code,T1,T2,T3,T4,T5,T6,T7,T8,T9,T10,T11,T12,T13,T14,T15,T16,T17,T18,T19,T20,T21,T22,T23,T24
ABD012,ARTRT,3,,20,,3,,7,,7,,9,,,,,,,,,,,,,
ABD012,ERNA10,0,,2,,5,,3,,3,,3,,,,,,,,,,,,,
ABD012,ARTRP2,2,,1,,0,,0,,2,,0,,,,,,,,,,,,,
ABD012,ATCA2,2,,0,,0,,1,,0,,0,,,,,,,,,,,,,
ABD012,PSARM,3,,0,,0,,0,,0,,0,,,,,,,,,,,,,
ABD012,PSPO,0,,0,,0,,0,,0,,1,,,,,,,,,,,,,
ABD012,STPA4,0,,0,,0,,0,,0,,1,,,,,,,,,,,,,
ABD012,ACHY,0,,0,,0,,0,,0,,0,,,,,,,,,,,,,
ABD012,ACSP5,0,,0,,0,,0,,0,,0,,,,,,,,,,,,,
ABD012,ENAC,0,,0,,0,,0,,0,,0,,,,,,,,,,,,,
ABD012,ERBR7,0,,0,,0,,0,,0,,0,,,,,,,,,,,,,
ABD012,ERMA2,0,,0,,0,,0,,0,,0,,,,,,,,,,,,,
ABD012,ERTE18,0,,0,,0,,0,,0,,0,,,,,,,,,,,,,
ABD012,KRLA2,0,,0,,0,,0,,0,,0,,,,,,,,,,,,,
BGP019,DISP,19,,6,,2,,8,,12,,5,,13,,11,,42,,,,,,,
BGP019,JUBA,3,,2,,4,,0,,1,,3,,5,,1,,0,,,,,,,
BGP019,SPAI,2,,0,,0,,0,,2,,0,,0,,8,,0,,,,,,,
BGP019,MEAL2,1,,0,,0,,0,,0,,0,,4,,2,,1,,,,,,,
BGP019,ELTR3,0,,0,,6,,1,,0,,0,,0,,0,,0,,,,,,,
BGP019,ATTO,0,,0,,0,,0,,3,,0,,2,,0,,0,,,,,,,
BGP019,ERNA10,0,,1,,0,,0,,1,,0,,0,,3,,0,,,,,,,
BGP019,LELA2,0,,5,,0,,0,,0,,0,,0,,0,,0,,,,,,,
BGP019,MALE3,0,,0,,1,,1,,0,,3,,0,,0,,0,,,,,,,
BGP019,JUME4,0,,0,,0,,0,,0,,2,,2,,0,,0,,,,,,,
BGP019,HECU3,0,,0,,0,,2,,0,,1,,0,,0,,0,,,,,,,
BGP019,PYRA,0,,0,,0,,0,,0,,0,,0,,0,,3,,,,,,,
BGP019,ATTR,0,,0,,1,,1,,0,,0,,0,,0,,0,,,,,,,
BGP019,BAHY,0,,2,,0,,0,,0,,0,,0,,0,,0,,,,,,,
BGP019,CAREX,0,,0,,0,,0,,0,,0,,1,,0,,1,,,,,,,
BGP019,ASLE8,0,,0,,0,,0,,1,,0,,0,,0,,0,,,,,,,
BGP031,DISP,7,,3,,3,,6,,2,,4,,9,,,,,,,,,,,
BGP031,SPAI,2,,1,,0,,1,,0,,3,,2,,,,,,,,,,,
BGP031,ERNA10,2,,3,,1,,0,,2,,0,,0,,,,,,,,,,,
BGP031,SAVE4,1,,2,,3,,0,,0,,0,,1,,,,,,,,,,,
BGP031,ELCI2,0,,0,,1,,0,,4,,0,,1,,,,,,,,,,,
BGP031,ATPA3,0,,0,,0,,2,,0,,3,,0,,,,,,,,,,,
BGP031,GLLE3,0,,4,,0,,0,,0,,0,,0,,,,,,,,,,,
BGP031,JUBA,0,,0,,0,,0,,1,,0,,3,,,,,,,,,,,
BGP031,ATTO,0,,3,,0,,0,,0,,0,,0,,,,,,,,,,,
BGP031,PHAU7,0,,2,,0,,0,,0,,0,,0,,,,,,,,,,,
BGP031,ELTR3,0,,1,,0,,0,,0,,0,,0,,,,,,,,,,,
BGP031,TYDO,0,,0,,0,,0,,0,,0,,1,,,,,,,,,,,
BGP047,DISP,14,,0,,6,,6,,3,,11,,7,,4,,,,,,,,,
BGP047,NIOC2,7,,0,,0,,2,,0,,1,,1,,21,,,,,,,,,
BGP047,ERAL23,0,,0,,0,,0,,1,,0,,3,,0,,,,,,,,,
BGP047,SAVE4,0,,3,,0,,0,,0,,0,,0,,0,,,,,,,,,
BGP047,SPAI,0,,2,,0,,0,,0,,0,,0,,0,,,,,,,,,
BGP047,ARCA6,0,,1,,0,,0,,0,,0,,0,,0,,,,,,,,,
BGP047,ATPA3,0,,1,,0,,0,,0,,0,,0,,0,,,,,,,,,
BGP086,SPAI,0,,11,,34,,25,,23,,14,,0,,1,,,,,,,,,
BGP086,ERNA10,1,,5,,1,,1,,2,,3,,19,,11,,,,,,,,,
BGP086,ATTO,1,,0,,3,,6,,2,,4,,5,,5,,,,,,,,,
BGP086,DISP,0,,3,,2,,7,,1,,5,,2,,0,,,,,,,,,
BGP086,SAVE4,11,,0,,0,,0,,0,,0,,0,,0,,,,,,,,,
BGP086,JUBA,0,,2,,1,,0,,0,,0,,3,,0,,,,,,,,,
BGP086,GLLE3,0,,0,,1,,0,,2,,0,,1,,0,,,,,,,,,
BGP086,ARTRT,0,,0,,0,,0,,0,,0,,0,,3,,,,,,,,,
BGP086,SUNI,2,,0,,0,,0,,0,,0,,0,,0,,,,,,,,,
BGP086,ELTR3,0,,0,,0,,0,,0,,1,,0,,0,,,,,,,,,
BGP086,ATCO,0,,0,,0,,0,,0,,0,,0,,0,,,,,,,,,
BGP086,CORA5,0,,0,,0,,0,,0,,0,,0,,0,,,,,,,,,
BGP086,NIOC2,0,,0,,0,,0,,0,,0,,0,,0,,,,,,,,,
BGP088,SAVE4,2,,15,,0,,2,,1,,,,,,,,,,,,,,,
BGP088,ARTRT,0,,0,,0,,6,,9,,,,,,,,,,,,,,,
BGP088,ATTO,1,,3,,9,,0,,0,,,,,,,,,,,,,,,
BGP088,ERNA10,1,,0,,0,,2,,1,,,,,,,,,,,,,,,
BGP088,SPAI,1,,0,,0,,1,,2,,,,,,,,,,,,,,,
BGP088,GLLE3,0,,0,,3,,0,,0,,,,,,,,,,,,,,,
BGP088,DISP,1,,0,,0,,0,,1,,,,,,,,,,,,,,,
BGP088,ELCI2,0,,0,,0,,1,,0,,,,,,,,,,,,,,,
BGP094,SPAI,3,,35,,32,,1,,0,,0,,,,,,,,,,,,,
BGP094,DISP,9,,3,,2,,18,,30,,2,,,,,,,,,,,,,
BGP094,GLLE3,16,,0,,1,,14,,1,,0,,,,,,,,,,,,,
BGP094,SAEX,0,,0,,0,,0,,0,,28,,,,,,,,,,,,,
BGP094,ATTO,0,,0,,0,,3,,20,,0,,,,,,,,,,,,,
BGP094,JUBA,12,,4,,0,,0,,0,,0,,,,,,,,,,,,,
BGP094,ERNA10,0,,0,,7,,8,,0,,0,,,,,,,,,,,,,
BGP094,BAHY,2,,0,,1,,0,,0,,10,,,,,,,,,,,,,
BGP094,ELTR3,6,,3,,0,,0,,4,,0,,,,,,,,,,,,,
BGP094,APCA,0,,0,,0,,0,,0,,3,,,,,,,,,,,,,
BGP094,ASFA,2,,0,,0,,0,,0,,0,,,,,,,,,,,,,
BGP094,ELCI2,0,,0,,1,,0,,0,,0,,,,,,,,,,,,,
BGP094,JUME4,0,,1,,0,,0,,0,,0,,,,,,,,,,,,,
BGP154,ATTO,8,,6,,20,,24,,17,,15,,,,,,,,,,,,,
BGP154,SAVE4,3,,9,,0,,3,,0,,5,,,,,,,,,,,,,
BGP154,SPAI,4,,4,,1,,0,,5,,2,,,,,,,,,,,,,
BGP154,ERNA10,0,,0,,0,,3,,0,,2,,,,,,,,,,,,,
BGP154,SAEX,3,,0,,0,,2,,0,,0,,,,,,,,,,,,,
BGP154,BAHY,0,,0,,3,,0,,0,,0,,,,,,,,,,,,,
BGP154,GLLE3,3,,0,,0,,0,,0,,0,,,,,,,,,,,,,
BGP154,DISP,0,,0,,0,,1,,0,,0,,,,,,,,,,,,,
BGP157,ATTO,0,,22,,4,,3,,12,,13,,1,,0,,,,,,,,,
BGP157,SPAI,18,,3,,2,,12,,10,,0,,5,,1,,,,,,,,,
BGP157,ERNA10,0,,14,,4,,3,,8,,6,,5,,5,,,,,,,,,
BGP157,DISP,0,,0,,0,,0,,2,,3,,19,,0,,,,,,,,,
BGP157,SAEX,20,,0,,0,,0,,0,,2,,0,,0,,,,,,,,,
BGP157,MEAL2,17,,0,,0,,3,,0,,0,,0,,0,,,,,,,,,
BGP157,SALA3,14,,0,,0,,0,,0,,0,,0,,0,,,,,,,,,
BGP157,ELTR3,13,,0,,0,,0,,0,,0,,0,,0,,,,,,,,,
BGP157,ARTRT,0,,0,,4,,0,,0,,3,,1,,4,,,,,,,,,
BGP157,SAVE4,0,,0,,11,,0,,0,,0,,0,,0,,,,,,,,,
BGP157,ASFA,6,,0,,0,,0,,0,,0,,0,,0,,,,,,,,,
BGP157,BAHY,0,,0,,1,,0,,0,,0,,0,,0,,,,,,,,,
BGP157,ATCO,0,,0,,0,,0,,0,,0,,0,,0,,,,,,,,,
BGP157,ATSE2,0,,0,,0,,0,,0,,0,,0,,0,,,,,,,,,
BGP157,HEAN3,0,,0,,0,,0,,0,,0,,0,,0,,,,,,,,,
BGP157,LACO13,0,,0,,0,,0,,0,,0,,0,,0,,,,,,,,,
BGP157,MESA,0,,0,,0,,0,,0,,0,,0,,0,,,,,,,,,
BGP157,ROWO,0,,0,,0,,0,,0,,0,,0,,0,,,,,,,,,
BGP157,SAGO,0,,0,,0,,0,,0,,0,,0,,0,,,,,,,,,
BGP157,STPA4,0,,0,,0,,0,,0,,0,,0,,0,,,,,,,,,
BGP157,TEAX,0,,0,,0,,0,,0,,0,,0,,0,,,,,,,,,
BGP162,ATTO,1,,11,,12,,1,,0,,3,,6,,6,,1,,,,,,,
BGP162,ARTRT,0,,0,,0,,0,,1,,14,,0,,0,,3,,,,,,,
BGP162,ERNA10,0,,0,,6,,0,,2,,2,,0,,3,,3,,,,,,,
BGP162,ROPS,0,,14,,0,,0,,0,,0,,0,,0,,0,,,,,,,
BGP162,BAHY,0,,0,,0,,13,,0,,0,,0,,0,,0,,,,,,,
BGP162,SAVE4,0,,0,,2,,4,,2,,1,,0,,0,,0,,,,,,,
BGP162,SPAI,0,,0,,0,,3,,0,,1,,0,,1,,2,,,,,,,
BGP162,MALE3,0,,0,,0,,3,,0,,0,,0,,0,,0,,,,,,,
BGP162,SATR12,1,,0,,0,,1,,0,,0,,1,,0,,0,,,,,,,
BGP162,ATCO,0,,0,,0,,0,,1,,0,,0,,0,,0,,,,,,,
BGP162,LACO13,0,,0,,0,,1,,0,,0,,0,,0,,0,,,,,,,
BGP162,SUNI,0,,0,,0,,0,,0,,0,,1,,0,,0,,,,,,,
BGP205,SPAI,8,0,4,0,0,0,6,3,7,6,7,8,10,0,9,8,,,,,,,,
BGP205,ATTO,3,1,1,4,4,6,0,1,2,1,3,2,5,7,2,2,,,,,,,,
BGP205,ERNA10,2,1,2,0,0,1,0,0,2,10,5,4,3,4,0,10,,,,,,,,
BGP205,SAVE4,4,9,1,5,7,5,0,1,1,1,0,0,0,0,2,0,,,,,,,,
BGP205,DISP,0,0,1,0,0,1,1,2,0,1,2,3,1,1,0,1,,,,,,,,
BGP205,ERDE6,0,0,0,0,0,0,0,0,0,2,0,0,6,6,0,0,,,,,,,,
BGP205,STEPH,1,0,2,0,0,1,1,1,0,1,1,0,0,0,0,0,,,,,,,,
BGP205,CORA5,0,0,0,0,0,0,0,0,0,0,0,4,0,0,0,3,,,,,,,,
BGP205,ARTRT,0,0,0,0,0,0,0,0,0,0,0,2,0,4,0,0,,,,,,,,
BGP205,ATCO,0,0,0,0,0,0,0,0,0,0,0,0,0,0,3,0,,,,,,,,
BGP205,SATR12,0,0,0,0,0,0,0,0,0,1,0,0,1,1,0,0,,,,,,,,
BGP205,ARCA6,0,0,0,0,1,0,1,0,0,0,0,0,0,0,0,0,,,,,,,,
BGP205,GLLE3,0,0,0,0,0,0,2,0,0,0,0,0,0,0,0,0,,,,,,,,
BGP205,ELTR3,0,0,0,0,0,0,0,0,0,0,0,0,0,0,0,1,,,,,,,,
BGP205,ERSP3,0,0,0,0,0,0,0,0,0,0,0,0,0,0,1,0,,,,,,,,
BGP205,SUNI,0,0,0,0,1,0,0,0,0,0,0,0,0,0,0,0,,,,,,,,
BGP205,TEAX,0,0,0,0,0,0,0,0,1,0,0,0,0,0,0,0,,,,,,,,
BIS055,ATTO,11,,33,,10,,22,,0,,,,,,,,,,,,,,,
BIS055,DISP,10,,4,,7,,35,,11,,,,,,,,,,,,,,,
BIS055,ERNA10,29,,0,,2,,1,,19,,,,,,,,,,,,,,,
BIS055,ELTR3,3,,0,,5,,8,,0,,,,,,,,,,,,,,,
BIS055,GLLE3,1,,0,,15,,0,,0,,,,,,,,,,,,,,,
BIS055,ROWO,0,,0,,11,,1,,0,,,,,,,,,,,,,,,
BIS055,SAEX,0,,0,,8,,0,,0,,,,,,,,,,,,,,,
BIS055,SPAI,2,,0,,0,,0,,6,,,,,,,,,,,,,,,
BIS055,APCA,0,,0,,6,,0,,0,,,,,,,,,,,,,,,
BIS055,ZESE80,0,,2,,0,,0,,0,,,,,,,,,,,,,,,
BIS055,ASLE8,0,,0,,0,,0,,1,,,,,,,,,,,,,,,
BIS055,JUBA,0,,0,,0,,0,,1,,,,,,,,,,,,,,,
BIS055,AIAL,0,,0,,0,,0,,0,,,,,,,,,,,,,,,
BIS055,PYRA,0,,0,,0,,0,,0,,,,,,,,,,,,,,,
BIS055,ROPS,0,,0,,0,,0,,0,,,,,,,,,,,,,,,
BIS060,ELTR3,33,,34,,2,,13,,7,,,,,,,,,,,,,,,
BIS060,DISP,28,,4,,9,,9,,11,,,,,,,,,,,,,,,
BIS060,SPAI,1,,0,,32,,23,,1,,,,,,,,,,,,,,,
BIS060,ERNA10,2,,0,,3,,7,,12,,,,,,,,,,,,,,,
BIS060,GLLE3,6,,0,,3,,7,,5,,,,,,,,,,,,,,,
BIS060,ATTO,2,,0,,8,,0,,0,,,,,,,,,,,,,,,
BIS060,SAEX,9,,0,,0,,0,,0,,,,,,,,,,,,,,,
BIS060,JUBA,1,,2,,1,,1,,2,,,,,,,,,,,,,,,
BIS060,ROWO,7,,0,,0,,0,,0,,,,,,,,,,,,,,,
BIS060,LEAP7,0,,6,,0,,0,,0,,,,,,,,,,,,,,,
BIS060,BAHY,0,,0,,0,,0,,3,,,,,,,,,,,,,,,
BIS060,MEAL2,0,,0,,1,,1,,0,,,,,,,,,,,,,,,
BIS060,AGROP2,0,,0,,1,,0,,0,,,,,,,,,,,,,,,
BIS060,CIIN,0,,1,,0,,0,,0,,,,,,,,,,,,,,,
BIS060,ASSP,0,,0,,0,,0,,0,,,,,,,,,,,,,,,
BIS060,CIVU,0,,0,,0,,0,,0,,,,,,,,,,,,,,,
BIS060,MESA,0,,0,,0,,0,,0,,,,,,,,,,,,,,,
BIS060,POFR2,0,,0,,0,,0,,0,,,,,,,,,,,,,,,
BIS060,PYRA,0,,0,,0,,0,,0,,,,,,,,,,,,,,,
BIS060,SALA3,0,,0,,0,,0,,0,,,,,,,,,,,,,,,
BIS060,SYAS3,0,,0,,0,,0,,0,,,,,,,,,,,,,,,
BIS085,ERNA10,7,,1,23,13,,20,,9,,10,,,,,,,,,,,,,
BIS085,SPAI,0,,0,0,25,,0,,7,,22,,,,,,,,,,,,,
BIS085,DISP,4,,1,14,3,,13,,9,,7,,,,,,,,,,,,,
BIS085,ELTR3,0,,0,25,0,,2,,0,,1,,,,,,,,,,,,,
BIS085,ATTO,0,,10,4,0,,0,,0,,0,,,,,,,,,,,,,
BIS085,SATR12,13,,0,0,0,,0,,0,,0,,,,,,,,,,,,,
BIS085,JUBA,0,,0,2,0,,0,,0,,7,,,,,,,,,,,,,
BIS085,BAHY,2,,2,1,0,,0,,0,,0,,,,,,,,,,,,,
BIS085,SALA3,0,,0,0,0,,2,,0,,0,,,,,,,,,,,,,
BIS085,CHHI,0,,0,1,0,,0,,0,,0,,,,,,,,,,,,,
BIS085,JUME4,0,,0,1,0,,0,,0,,0,,,,,,,,,,,,,
BIS085,MEAL2,0,,0,0,0,,1,,0,,0,,,,,,,,,,,,,
BIS085,AMAC2,0,,0,0,0,,0,,0,,0,,,,,,,,,,,,,
BIS085,CIIN,0,,0,0,0,,0,,0,,0,,,,,,,,,,,,,
BIS085,KOSC,0,,0,0,0,,0,,0,,0,,,,,,,,,,,,,
BIS085,LASE,0,,0,0,0,,0,,0,,0,,,,,,,,,,,,,
BIS085,LEAP7,0,,0,0,0,,0,,0,,0,,,,,,,,,,,,,
BIS085,LELA2,0,,0,0,0,,0,,0,,0,,,,,,,,,,,,,
BIS085,OEEL,0,,0,0,0,,0,,0,,0,,,,,,,,,,,,,
BLK002,ERNA10,5,,8,,2,,8,,10,,4,,7,,,,0,,9,,0,,,
BLK002,ARTRT,1,,4,,0,,0,,3,,1,,5,,,,12,,2,,13,,,
BLK002,ATCA2,0,,2,,2,,0,,0,,0,,0,,,,0,,7,,0,,,
BLK002,SPAI,0,,0,,0,,0,,0,,0,,0,,,,0,,0,,1,,,
BLK002,SATR12,0,,0,,0,,0,,0,,0,,0,,,,0,,0,,0,,,
BLK006,SPAI,4,1,13,3,3,15,1,12,11,7,6,1,7,,,,,,,,,,,
BLK006,ERNA10,2,1,5,3,1,10,0,3,5,1,4,3,3,,,,,,,,,,,
BLK006,ATTO,8,5,1,9,0,1,0,0,3,0,8,0,0,,,,,,,,,,,
BLK006,ATCO,0,0,5,6,2,0,2,2,3,0,0,6,0,,,,,,,,,,,
BLK006,SAVE4,0,6,3,2,3,0,1,0,0,0,0,1,0,,,,,,,,,,,
BLK006,DISP,0,6,1,0,0,0,0,1,1,0,0,0,5,,,,,,,,,,,
BLK006,STEPH,0,0,0,1,1,1,0,5,0,1,0,0,1,,,,,,,,,,,
BLK006,ARCA6,0,1,0,0,0,0,0,0,0,0,0,0,7,,,,,,,,,,,
BLK006,JUBA,0,0,1,0,0,2,0,1,1,0,1,0,1,,,,,,,,,,,
BLK006,ATPA3,0,0,0,0,0,0,0,0,0,1,0,1,3,,,,,,,,,,,
BLK006,ARTRT,1,0,0,0,0,2,0,0,0,0,0,0,0,,,,,,,,,,,
BLK006,ELTR3,0,0,0,0,0,0,0,0,0,0,3,0,0,,,,,,,,,,,
BLK006,SUNI,0,0,0,3,0,0,0,0,0,0,0,0,0,,,,,,,,,,,
BLK006,CALI4,0,0,0,0,0,2,0,0,0,0,0,0,0,,,,,,,,,,,
BLK006,GLLE3,0,0,0,0,0,0,0,1,0,0,0,0,0,,,,,,,,,,,
BLK006,SATR12,0,0,0,0,0,0,0,0,0,1,0,0,0,,,,,,,,,,,
BLK008,ERNA10,19,12,8,13,21,17,11,25,26,0,32,22,12,6,36,19,37,24,,,,,,
BLK008,SPAI,7,24,33,22,23,36,29,15,7,16,9,23,15,7,10,6,11,27,,,,,,
BLK008,GLLE3,17,15,0,10,17,2,0,5,5,0,5,1,14,14,13,7,5,6,,,,,,
BLK008,DISP,5,1,5,10,1,5,0,1,2,1,0,0,11,18,0,0,0,7,,,,,,
BLK008,ATTO,0,0,0,5,0,0,0,9,22,1,0,0,3,0,0,3,3,3,,,,,,
BLK008,ARTRT,0,0,0,0,0,0,13,0,0,29,0,0,0,0,0,0,0,0,,,,,,
BLK008,ELTR3,0,0,0,0,0,0,0,6,7,0,0,2,4,9,8,0,6,0,,,,,,
BLK008,LELA2,0,0,0,0,0,0,0,0,0,0,0,0,0,10,0,9,3,0,,,,,,
BLK008,JUBA,0,0,0,3,1,0,0,2,0,0,0,0,6,0,0,2,0,2,,,,,,
BLK008,ELCI2,0,0,0,0,2,0,0,0,0,0,0,0,0,0,0,8,0,1,,,,,,
BLK008,SAVE4,3,2,0,0,0,0,0,0,0,0,0,0,0,0,0,0,0,0,,,,,,
BLK008,GRSQ,0,0,0,0,0,0,0,0,0,0,0,0,0,4,0,0,0,0,,,,,,
BLK008,MALE3,0,0,0,0,0,0,0,0,0,0,0,0,0,3,0,0,0,0,,,,,,
BLK008,MEAL2,0,0,0,0,0,0,0,0,0,0,0,0,0,3,0,0,0,0,,,,,,
BLK008,ARLU,0,0,0,0,0,0,0,0,0,0,0,0,0,2,0,0,0,0,,,,,,
BLK008,ATCA2,0,0,0,0,0,0,0,0,0,0,0,0,0,0,2,0,0,0,,,,,,
BLK008,BAHY,0,0,0,0,0,0,0,0,0,0,0,0,0,0,0,2,0,0,,,,,,
BLK008,ASFA,0,0,0,0,0,0,0,0,0,0,0,0,0,1,0,0,0,0,,,,,,
BLK008,ATTR,0,0,0,0,0,0,0,0,0,0,0,0,0,0,1,0,0,0,,,,,,
BLK008,CAREX,0,0,0,0,0,0,0,0,0,0,0,0,0,1,0,0,0,0,,,,,,
BLK008,SEVI4,0,0,0,0,0,0,0,0,0,0,0,0,0,1,0,0,0,0,,,,,,
BLK008,ASSP,0,0,0,0,0,0,0,0,0,0,0,0,0,0,0,0,0,0,,,,,,
BLK008,ATCO12,0,0,0,0,0,0,0,0,0,0,0,0,0,0,0,0,0,0,,,,,,
BLK008,CALI4,0,0,0,0,0,0,0,0,0,0,0,0,0,0,0,0,0,0,,,,,,
BLK008,COAR4,0,0,0,0,0,0,0,0,0,0,0,0,0,0,0,0,0,0,,,,,,
BLK008,HEAN3,0,0,0,0,0,0,0,0,0,0,0,0,0,0,0,0,0,0,,,,,,
BLK008,HECU3,0,0,0,0,0,0,0,0,0,0,0,0,0,0,0,0,0,0,,,,,,
BLK008,LEAP7,0,0,0,0,0,0,0,0,0,0,0,0,0,0,0,0,0,0,,,,,,
BLK008,MALE3,0,0,0,0,0,0,0,0,0,0,0,0,0,0,0,0,0,0,,,,,,
BLK008,POMO5,0,0,0,0,0,0,0,0,0,0,0,0,0,0,0,0,0,0,,,,,,
BLK008,ROWO,0,0,0,0,0,0,0,0,0,0,0,0,0,0,0,0,0,0,,,,,,
BLK008,SAEX,0,0,0,0,0,0,0,0,0,0,0,0,0,0,0,0,0,0,,,,,,
BLK008,XAST,0,0,0,0,0,0,0,0,0,0,0,0,0,0,0,0,0,0,,,,,,
BLK009,SPAI,5,,3,,8,,10,,9,,7,,11,,23,,,,,,,,,
BLK009,ERNA10,2,,2,,0,,4,,0,,1,,6,,7,,,,,,,,,
BLK009,ARTRT,1,,6,,0,,0,,8,,3,,0,,1,,,,,,,,,
BLK009,CALI4,0,,0,,0,,0,,0,,0,,0,,5,,,,,,,,,
BLK009,ELCI2,0,,0,,0,,0,,0,,0,,0,,5,,,,,,,,,
BLK009,DISP,0,,0,,0,,0,,0,,0,,2,,2,,,,,,,,,
BLK009,SATR12,0,,0,,2,,0,,0,,0,,0,,0,,,,,,,,,
BLK009,ATCO,0,,0,,0,,1,,0,,0,,0,,0,,,,,,,,,
BLK009,JUBA,0,,0,,0,,0,,0,,0,,0,,1,,,,,,,,,
BLK009,CLOB,0,,0,,0,,0,,0,,0,,0,,0,,,,,,,,,
BLK009,CORA5,0,,0,,0,,0,,0,,0,,0,,0,,,,,,,,,
BLK009,METO2,0,,0,,0,,0,,0,,0,,0,,0,,,,,,,,,
BLK009,PSAN,0,,0,,0,,0,,0,,0,,0,,0,,,,,,,,,
BLK011,ATTO,0,,0,,42,,32,,10,,,,,,,,,,,,,,,
BLK011,SPAI,4,,0,,2,,4,,7,,,,,,,,,,,,,,,
BLK011,ARTRT,10,,4,,0,,0,,0,,,,,,,,,,,,,,,
BLK011,ERNA10,0,,11,,0,,0,,0,,,,,,,,,,,,,,,
BLK011,ATCA2,0,,3,,0,,0,,0,,,,,,,,,,,,,,,
BLK011,SAVE4,3,,0,,0,,0,,0,,,,,,,,,,,,,,,
BLK011,ATCO,1,,0,,0,,0,,0,,,,,,,,,,,,,,,
BLK016,ATTO,0,,2,,20,,4,,11,,0,,17,,0,,,,,,,,,
BLK016,ERNA10,13,,4,,1,,0,,2,,4,,0,,0,,,,,,,,,
BLK016,SPAI,9,,1,,3,,3,,4,,0,,2,,0,,,,,,,,,
BLK016,SAVE4,2,,1,,0,,0,,10,,0,,3,,2,,,,,,,,,
BLK016,ARTRT,0,,0,,0,,6,,0,,5,,0,,0,,,,,,,,,
BLK016,DISP,0,,2,,2,,3,,0,,2,,0,,0,,,,,,,,,
BLK016,GLLE3,0,,0,,8,,0,,0,,0,,0,,0,,,,,,,,,
BLK016,ELTR3,0,,0,,6,,0,,0,,0,,0,,0,,,,,,,,,
BLK016,BAHY,0,,0,,2,,0,,0,,0,,0,,0,,,,,,,,,
BLK016,JUBA,0,,0,,0,,2,,0,,0,,0,,0,,,,,,,,,
BLK016,ELCI2,0,,0,,0,,0,,0,,0,,1,,0,,,,,,,,,
BLK016,SATR12,0,,0,,0,,0,,0,,0,,0,,0,,,,,,,,,
BLK021,ATTO,7,,13,,40,,3,,17,,19,,,,,,,,,,,,,
BLK021,SAVE4,22,,5,,3,,14,,11,,13,,,,,,,,,,,,,
BLK021,SPAI,0,,0,,1,,2,,9,,5,,,,,,,,,,,,,
BLK021,ERNA10,0,,1,,0,,4,,0,,0,,,,,,,,,,,,,
BLK021,MALE3,0,,4,,0,,0,,0,,0,,,,,,,,,,,,,
BLK021,ATCO,0,,2,,0,,0,,0,,0,,,,,,,,,,,,,
BLK021,SATR12,2,,0,,0,,0,,0,,0,,,,,,,,,,,,,
BLK021,ELCI2,1,,0,,0,,0,,0,,0,,,,,,,,,,,,,
BLK021,ARTRT,0,,0,,0,,0,,0,,0,,,,,,,,,,,,,
BLK021,ATCA2,0,,0,,0,,0,,0,,0,,,,,,,,,,,,,
BLK021,DISP,0,,0,,0,,0,,0,,0,,,,,,,,,,,,,
BLK021,GLLE3,0,,0,,0,,0,,0,,0,,,,,,,,,,,,,
BLK021,METO2,0,,0,,0,,0,,0,,0,,,,,,,,,,,,,
BLK021,SAEX,0,,0,,0,,0,,0,,0,,,,,,,,,,,,,
BLK024,ATTO,5,,0,,13,,3,,14,,3,,22,,17,,,,,,,,,
BLK024,ARTRT,6,,26,,0,,8,,0,,5,,0,,1,,,,,,,,,
BLK024,SAVE4,0,,0,,0,,8,,0,,0,,0,,0,,,,,,,,,
BLK024,SAEX,0,,0,,5,,0,,0,,0,,0,,0,,,,,,,,,
BLK024,SPAI,2,,0,,2,,0,,0,,0,,0,,1,,,,,,,,,
BLK024,ATCO,0,,0,,0,,2,,0,,0,,0,,0,,,,,,,,,
BLK024,ERNA10,0,,0,,0,,0,,0,,0,,2,,0,,,,,,,,,
BLK024,GLLE3,1,,0,,0,,0,,0,,0,,0,,0,,,,,,,,,
BLK033,ATTO,0,,23,,17,,33,,,,,,,,,,,,,,,,,
BLK033,SPAI,1,,3,,4,,6,,,,,,,,,,,,,,,,,
BLK033,GLLE3,0,,0,,0,,7,,,,,,,,,,,,,,,,,
BLK033,GRSP,5,,0,,0,,0,,,,,,,,,,,,,,,,,
BLK033,ATCO,2,,0,,2,,0,,,,,,,,,,,,,,,,,
BLK033,SAVE4,3,,0,,0,,0,,,,,,,,,,,,,,,,,
BLK033,SATR12,1,,0,,1,,0,,,,,,,,,,,,,,,,,
BLK039,SPAI,1,,7,,5,,14,,13,,,,,,,,,,,,,,,
BLK039,ERNA10,2,,5,,1,,7,,1,,,,,,,,,,,,,,,
BLK039,ATTO,0,,5,,2,,4,,3,,,,,,,,,,,,,,,
BLK039,GLLE3,0,,1,,0,,7,,0,,,,,,,,,,,,,,,
BLK039,ARTRT,1,,1,,0,,3,,2,,,,,,,,,,,,,,,
BLK039,CALI4,0,,0,,0,,1,,2,,,,,,,,,,,,,,,
BLK039,ATCO,1,,0,,0,,0,,0,,,,,,,,,,,,,,,
BLK039,DISP,0,,1,,0,,0,,0,,,,,,,,,,,,,,,
BLK039,ELCI2,0,,0,,1,,0,,0,,,,,,,,,,,,,,,
BLK044,ATTO,16,,14,,9,,19,20,,,,,,,,,,,,,,,,
BLK044,SPAI,6,,11,,6,,3,1,,,,,,,,,,,,,,,,
BLK044,ERNA10,2,,0,,7,,4,0,,,,,,,,,,,,,,,,
BLK044,ARTRT,2,,3,,0,,0,0,,,,,,,,,,,,,,,,
BLK044,DISP,0,,0,,1,,0,0,,,,,,,,,,,,,,,,
BLK059,DISP,7,,9,,12,,,,,,,,,,,,,,,,,,,
BLK059,ATTO,0,,8,,5,,,,,,,,,,,,,,,,,,,
BLK059,ERNA10,6,,1,,6,,,,,,,,,,,,,,,,,,,
BLK059,ELTR3,4,,2,,0,,,,,,,,,,,,,,,,,,,
BLK059,ARTRT,3,,0,,0,,,,,,,,,,,,,,,,,,,
BLK059,JUBA,1,,0,,0,,,,,,,,,,,,,,,,,,,
BLK069,SPAI,3,,14,,1,,10,,5,,3,,6,,21,,,,,,,,,
BLK069,DISP,1,,0,,1,,3,,0,,0,,4,,10,,,,,,,,,
BLK069,SAVE4,1,,0,,0,,0,,0,,0,,13,,1,,,,,,,,,
BLK069,ERNA10,1,,1,,2,,1,,0,,1,,2,,2,,,,,,,,,
BLK069,SUNI,0,,0,,0,,0,,0,,0,,8,,0,,,,,,,,,
BLK069,ELCI2,4,,1,,0,,0,,0,,1,,1,,0,,,,,,,,,
BLK069,PSPO,0,,0,,0,,0,,5,,0,,0,,0,,,,,,,,,
BLK069,JUBA,0,,0,,0,,0,,0,,1,,0,,3,,,,,,,,,
BLK069,ASLE8,2,,0,,0,,0,,0,,0,,0,,0,,,,,,,,,
BLK069,ATTO,0,,0,,0,,0,,0,,0,,2,,0,,,,,,,,,
BLK069,ATCO,0,,0,,0,,1,,0,,0,,0,,0,,,,,,,,,
BLK069,ATPA3,0,,0,,0,,1,,0,,0,,0,,0,,,,,,,,,
BLK069,PSARM,0,,0,,0,,0,,1,,0,,0,,0,,,,,,,,,
BLK069,STEPH,0,,0,,0,,0,,0,,0,,1,,0,,,,,,,,,
BLK069,ALOC2,0,,0,,0,,0,,0,,0,,0,,0,,,,,,,,,
BLK069,CALI4,0,,0,,0,,0,,0,,0,,0,,0,,,,,,,,,
BLK069,NIOC2,0,,0,,0,,0,,0,,0,,0,,0,,,,,,,,,
BLK074,SPAI,0,,0,,18,,12,,14,,8,,11,,,,,,,,,,,
BLK074,ATTO,8,,3,,9,,10,,12,,6,,1,,,,,,,,,,,
BLK074,SAVE4,9,,6,,1,,7,,0,,0,,4,,,,,,,,,,,
BLK074,DISP,0,,1,,4,,5,,9,,4,,0,,,,,,,,,,,
BLK074,SUNI,0,,0,,2,,0,,1,,5,,6,,,,,,,,,,,
BLK074,ARTRT,0,,9,,0,,0,,0,,0,,0,,,,,,,,,,,
BLK074,ERNA10,0,,0,,0,,0,,3,,2,,0,,,,,,,,,,,
BLK074,GLLE3,0,,0,,0,,2,,0,,0,,0,,,,,,,,,,,
BLK074,ELCI2,0,,0,,0,,0,,0,,1,,0,,,,,,,,,,,
BLK074,JUBA,0,,0,,0,,0,,1,,0,,0,,,,,,,,,,,
BLK074,STEPH,0,,1,,0,,0,,0,,0,,0,,,,,,,,,,,
BLK075,DISP,0,,0,,,,23,,4,,11,,,,,,,,,,,,,
BLK075,ERNA10,0,,1,,,,5,,17,,15,,,,,,,,,,,,,
BLK075,ATPO,0,,36,,,,0,,0,,0,,,,,,,,,,,,,
BLK075,ELTR3,25,,0,,,,0,,0,,0,,,,,,,,,,,,,
BLK075,JUBA,2,,0,,,,4,,1,,5,,,,,,,,,,,,,
BLK075,ASFA,7,,0,,,,1,,3,,0,,,,,,,,,,,,,
BLK075,MALE3,7,,0,,,,3,,0,,0,,,,,,,,,,,,,
BLK075,ATTO,0,,0,,,,2,,7,,0,,,,,,,,,,,,,
BLK075,SPAI,0,,1,,,,0,,7,,1,,,,,,,,,,,,,
BLK075,ATCA2,0,,5,,,,0,,0,,0,,,,,,,,,,,,,
BLK075,GLLE3,0,,0,,,,4,,1,,0,,,,,,,,,,,,,
BLK075,SAVE4,0,,4,,,,0,,1,,0,,,,,,,,,,,,,
BLK075,JUME4,1,,0,,,,1,,0,,2,,,,,,,,,,,,,
BLK075,LELA2,4,,0,,,,0,,0,,0,,,,,,,,,,,,,
BLK075,HECU3,0,,0,,,,2,,1,,0,,,,,,,,,,,,,
BLK075,ROWO,0,,0,,,,3,,0,,0,,,,,,,,,,,,,
BLK075,ARTRT,0,,2,,,,0,,0,,0,,,,,,,,,,,,,
BLK075,CHENO,0,,0,,,,0,,2,,0,,,,,,,,,,,,,
BLK075,HEAN3,0,,0,,,,0,,0,,2,,,,,,,,,,,,,
BLK075,THINA,0,,0,,,,0,,2,,0,,,,,,,,,,,,,
BLK075,MEAL2,0,,0,,,,0,,1,,0,,,,,,,,,,,,,
BLK075,MUAS,0,,0,,,,0,,1,,0,,,,,,,,,,,,,
BLK075,ELCI2,0,,0,,,,0,,0,,0,,,,,,,,,,,,,
BLK077,SPAI,9,,10,,6,,2,,,,,,,,,,,,,,,,,
BLK077,ARTRT,0,,1,,3,,4,,,,,,,,,,,,,,,,,
BLK077,ATTO,4,,0,,0,,0,,,,,,,,,,,,,,,,,
BLK077,ATCO,1,,1,,0,,0,,,,,,,,,,,,,,,,,
BLK077,DISP,1,,1,,0,,0,,,,,,,,,,,,,,,,,
BLK077,ERNA10,0,,0,,2,,0,,,,,,,,,,,,,,,,,
BLK077,SAVE4,0,,0,,0,,2,,,,,,,,,,,,,,,,,
BLK077,ASLE8,1,,0,,0,,0,,,,,,,,,,,,,,,,,
BLK077,ATCA2,0,,0,,1,,0,,,,,,,,,,,,,,,,,
BLK077,ELTR3,1,,0,,0,,0,,,,,,,,,,,,,,,,,
BLK077,PSPO,0,,0,,1,,0,,,,,,,,,,,,,,,,,
BLK093,SPAI,6,,13,,5,,17,,3,,20,,15,,12,,,,,,,,,
BLK093,MEAL2,13,,14,,2,,3,,0,,1,,0,,0,,,,,,,,,
BLK093,DISP,6,,3,,3,,4,,4,,3,,1,,1,,,,,,,,,
BLK093,ERNA10,3,,7,,2,,3,,1,,1,,6,,1,,,,,,,,,
BLK093,ARTRT,0,,0,,0,,0,,0,,0,,3,,2,,,,,,,,,
BLK093,JUBA,1,,1,,0,,3,,0,,0,,0,,0,,,,,,,,,
BLK093,ARCA6,0,,0,,0,,0,,1,,3,,0,,0,,,,,,,,,
BLK093,STPA4,0,,0,,0,,0,,0,,2,,0,,2,,,,,,,,,
BLK093,ATCO,0,,0,,1,,1,,0,,0,,0,,1,,,,,,,,,
BLK093,SPGR,1,,2,,0,,0,,0,,0,,0,,0,,,,,,,,,
BLK093,JUME4,0,,0,,0,,0,,2,,0,,0,,0,,,,,,,,,
BLK093,ATTO,1,,0,,0,,0,,0,,0,,0,,0,,,,,,,,,
BLK093,CORA5,0,,0,,0,,0,,0,,0,,0,,1,,,,,,,,,
BLK093,NIOC2,0,,0,,0,,0,,1,,0,,0,,0,,,,,,,,,
BLK093,PYRA,0,,1,,0,,0,,0,,0,,0,,0,,,,,,,,,
BLK093,ASLE8,0,,0,,0,,0,,0,,0,,0,,0,,,,,,,,,
BLK093,ATPA3,0,,0,,0,,0,,0,,0,,0,,0,,,,,,,,,
BLK093,CLPL2,0,,0,,0,,0,,0,,0,,0,,0,,,,,,,,,
BLK093,POSEJ,0,,0,,0,,0,,0,,0,,0,,0,,,,,,,,,
BLK094,SPAI,0,,0,,3,,7,,14,,14,,13,,9,,22,,,,,,,
BLK094,ARTRT,12,,14,,17,,9,,3,,1,,0,,0,,0,,,,,,,
BLK094,ATTO,0,,0,,0,,0,,14,,0,,12,,9,,10,,,,,,,
BLK094,DISP,0,,0,,0,,0,,0,,3,,3,,9,,7,,,,,,,
BLK094,GLLE3,0,,1,,6,,0,,2,,0,,0,,0,,0,,,,,,,
BLK094,SAEX,0,,9,,0,,0,,0,,0,,0,,0,,0,,,,,,,
BLK094,ERNA10,0,,0,,0,,0,,0,,1,,4,,2,,0,,,,,,,
BLK094,ARLU,0,,0,,0,,2,,0,,0,,0,,0,,0,,,,,,,
BLK094,JUBA,0,,0,,0,,0,,0,,2,,0,,0,,0,,,,,,,
BLK094,CAREX,0,,1,,0,,0,,0,,0,,0,,0,,0,,,,,,,
BLK094,ELCI2,0,,0,,0,,0,,0,,0,,0,,1,,0,,,,,,,
BLK094,LELA2,0,,1,,0,,0,,0,,0,,0,,0,,0,,,,,,,
BLK094,MAVU,0,,1,,0,,0,,0,,0,,0,,0,,0,,,,,,,
BLK094,STPA4,1,,0,,0,,0,,0,,0,,0,,0,,0,,,,,,,
BLK094,ASFA,0,,0,,0,,0,,0,,0,,0,,0,,0,,,,,,,
BLK095,SPAI,4,,16,,,,10,,15,,,,,,,,,,,,,,,
BLK095,ERNA10,0,,2,,,,11,,0,,,,,,,,,,,,,,,
BLK095,DISP,0,,1,,,,0,,3,,,,,,,,,,,,,,,
BLK095,SAVE4,0,,4,,,,0,,0,,,,,,,,,,,,,,,
BLK095,ATCO,2,,0,,,,1,,0,,,,,,,,,,,,,,,
BLK095,ATTO,0,,0,,,,3,,0,,,,,,,,,,,,,,,
BLK095,STPA4,0,,1,,,,2,,0,,,,,,,,,,,,,,,
BLK095,ARTRT,2,,0,,,,0,,0,,,,,,,,,,,,,,,
BLK095,ARCA6,0,,0,,,,0,,0,,,,,,,,,,,,,,,
BLK096,SPAI,8,,12,,10,,6,,,,,,,,,,,,,,,,,
BLK096,SATR12,4,,3,,0,,1,,,,,,,,,,,,,,,,,
BLK096,ARTRT,0,,0,,5,,0,,,,,,,,,,,,,,,,,
BLK096,SAVE4,5,,0,,0,,0,,,,,,,,,,,,,,,,,
BLK096,ERNA10,0,,0,,3,,0,,,,,,,,,,,,,,,,,
BLK096,ERBR7,0,,0,,0,,1,,,,,,,,,,,,,,,,,
BLK096,ACHY,0,,0,,0,,0,,,,,,,,,,,,,,,,,
BLK096,ATCA2,0,,0,,0,,0,,,,,,,,,,,,,,,,,
BLK096,ERBA7,0,,0,,0,,0,,,,,,,,,,,,,,,,,
BLK096,ERMA2,0,,0,,0,,0,,,,,,,,,,,,,,,,,
BLK096,PSARM,0,,0,,0,,0,,,,,,,,,,,,,,,,,
BLK099,SPAI,39,,18,,10,,23,,9,,52,,0,,10,,,,,,,,,
BLK099,GLLE3,0,,0,,4,,0,,20,,4,,78,,0,,,,,,,,,
BLK099,DISP,3,,17,,12,,10,,4,,7,,4,,0,,,,,,,,,
BLK099,ATTO,3,,7,,15,,0,,11,,0,,0,,0,,,,,,,,,
BLK099,ERNA10,0,,3,,4,,7,,4,,1,,0,,2,,,,,,,,,
BLK099,ELTR3,0,,0,,0,,0,,0,,0,,16,,0,,,,,,,,,
BLK099,HECU3,0,,0,,0,,0,,11,,0,,0,,0,,,,,,,,,
BLK099,JUBA,2,,2,,0,,0,,4,,1,,0,,0,,,,,,,,,
BLK099,ARCA6,0,,0,,0,,0,,0,,2,,0,,0,,,,,,,,,
BLK099,JUME4,2,,0,,0,,0,,0,,0,,0,,0,,,,,,,,,
BLK099,BAHY,0,,0,,0,,0,,0,,0,,1,,0,,,,,,,,,
BLK099,MALE3,0,,0,,0,,0,,0,,0,,1,,0,,,,,,,,,
BLK099,PYRA,0,,0,,0,,1,,0,,0,,0,,0,,,,,,,,,
BLK099,STPA4,0,,0,,0,,0,,0,,0,,0,,1,,,,,,,,,
BLK099,CLPL2,0,,0,,0,,0,,0,,0,,0,,0,,,,,,,,,
BLK099,NIOC2,0,,0,,0,,0,,0,,0,,0,,0,,,,,,,,,
BLK099,SAVE4,0,,0,,0,,0,,0,,0,,0,,0,,,,,,,,,
BLK099,SUNI,0,,0,,0,,0,,0,,0,,0,,0,,,,,,,,,
BLK115,DISP,2,,5,,3,,0,,0,,25,,17,,4,,8,,,,,,,
BLK115,SPAI,19,,16,,0,,7,,5,,4,,0,,12,,0,,,,,,,
BLK115,JUBA,0,,0,,0,,1,,0,,0,,1,,6,,0,,,,,,,
BLK115,ATCO,1,,1,,2,,0,,1,,0,,0,,0,,2,,,,,,,
BLK115,ERNA10,2,,0,,0,,2,,0,,0,,0,,0,,0,,,,,,,
BLK115,GLLE3,3,,0,,0,,0,,0,,0,,0,,0,,0,,,,,,,
BLK115,STEPH,0,,0,,0,,3,,0,,0,,0,,0,,0,,,,,,,
BLK115,SAVE4,0,,1,,0,,0,,1,,0,,0,,0,,0,,,,,,,
BLK115,SEVE2,0,,0,,0,,0,,0,,2,,0,,0,,0,,,,,,,
BLK115,SUNI,0,,2,,0,,0,,0,,0,,0,,0,,0,,,,,,,
BLK115,ARCA6,0,,0,,0,,0,,0,,0,,0,,0,,1,,,,,,,
BLK115,ATPA3,0,,0,,1,,0,,0,,0,,0,,0,,0,,,,,,,
BLK115,TARA,0,,0,,0,,0,,0,,1,,0,,0,,0,,,,,,,
BLK142,ATTO,19,,1,,0,,15,,2,,13,,11,,4,,,,,,,,,
BLK142,SPAI,9,,0,,0,,2,,5,,8,,2,,0,,,,,,,,,
BLK142,SAVE4,0,,3,,12,,0,,3,,0,,7,,0,,,,,,,,,
BLK142,DISP,7,,0,,0,,3,,3,,0,,0,,6,,,,,,,,,
BLK142,ATCO,0,,0,,4,,0,,0,,0,,2,,4,,,,,,,,,
BLK142,ERNA10,1,,0,,0,,4,,0,,1,,0,,1,,,,,,,,,
BLK142,SUNI,0,,1,,4,,0,,0,,0,,0,,0,,,,,,,,,
BLK142,STEPH,0,,0,,0,,0,,1,,0,,0,,0,,,,,,,,,
BLK143,DISP,11,,58,,44,,32,,,,,,,,,,,,,,,,,
BLK143,SPAI,27,,0,,10,,0,,,,,,,,,,,,,,,,,
BLK143,ATTO,18,,1,,4,,6,,,,,,,,,,,,,,,,,
BLK143,PHAU7,4,,0,,0,,0,,,,,,,,,,,,,,,,,
BLK143,ERNA10,2,,0,,0,,0,,,,,,,,,,,,,,,,,
BLK143,SAVE4,0,,0,,2,,0,,,,,,,,,,,,,,,,,
FSL044,SPAI,0,,20,,8,,,,,,,,,,,,,,,,,,,
FSL044,DISP,11,,9,,6,,,,,,,,,,,,,,,,,,,
FSL044,GLLE3,1,,1,,14,,,,,,,,,,,,,,,,,,,
FSL044,ATTO,2,,1,,3,,,,,,,,,,,,,,,,,,,
FSL044,JUBA,0,,0,,4,,,,,,,,,,,,,,,,,,,
FSL044,BAHY,0,,1,,1,,,,,,,,,,,,,,,,,,,
FSL044,ERNA10,1,,1,,0,,,,,,,,,,,,,,,,,,,
FSL044,LELA2,0,,0,,0,,,,,,,,,,,,,,,,,,,
FSL048,SPAI,16,,15,,0,,0,,0,,27,,25,,19,,5,,27,,,,,
FSL048,DISP,10,,2,,30,,13,,28,,2,,3,,1,,15,,3,,,,,
FSL048,ERNA10,1,,0,,20,,9,,1,,2,,6,,9,,3,,9,,,,,
FSL048,ATTO,2,,2,,0,,0,,0,,15,,6,,0,,3,,0,,,,,
FSL048,JUBA,6,,0,,0,,1,,5,,0,,0,,0,,5,,0,,,,,
FSL048,LELA2,0,,0,,1,,0,,0,,0,,0,,0,,0,,6,,,,,
FSL048,IVAX,0,,0,,1,,2,,0,,0,,0,,2,,0,,1,,,,,
FSL048,ALOC2,0,,0,,0,,1,,3,,0,,0,,0,,0,,0,,,,,
FSL048,ELTR3,1,,0,,0,,0,,1,,0,,0,,0,,0,,0,,,,,
FSL048,GLLE3,0,,0,,0,,0,,0,,0,,0,,0,,1,,1,,,,,
FSL048,ASLE8,0,,0,,0,,0,,0,,1,,0,,0,,0,,0,,,,,
FSL048,BAHY,0,,0,,0,,0,,1,,0,,0,,0,,0,,0,,,,,
FSL048,MEAL2,0,,0,,0,,0,,0,,0,,0,,1,,0,,0,,,,,
FSL048,SAVE4,0,,0,,0,,0,,0,,0,,1,,0,,0,,0,,,,,
FSL048,ARCA6,0,,0,,0,,0,,0,,0,,0,,0,,0,,0,,,,,
FSL048,CLOB,0,,0,,0,,0,,0,,0,,0,,0,,0,,0,,,,,
FSL048,PYRA,0,,0,,0,,0,,0,,0,,0,,0,,0,,0,,,,,
FSL051,DISP,4,,67,,27,,31,,,,,,,,,,,,,,,,,
FSL051,SAEX,50,,0,,2,,0,,,,,,,,,,,,,,,,,
FSL051,ATTO,0,,3,,5,,13,,,,,,,,,,,,,,,,,
FSL051,ELTR3,13,,1,,1,,0,,,,,,,,,,,,,,,,,
FSL051,ROWO,6,,0,,5,,2,,,,,,,,,,,,,,,,,
FSL051,LELA2,9,,0,,0,,0,,,,,,,,,,,,,,,,,
FSL051,ELRO2,0,,0,,0,,8,,,,,,,,,,,,,,,,,
FSL051,ELPA3,0,,0,,0,,7,,,,,,,,,,,,,,,,,
FSL051,GLLE3,0,,7,,0,,0,,,,,,,,,,,,,,,,,
FSL051,TYDO,0,,0,,4,,3,,,,,,,,,,,,,,,,,
FSL051,ATRO,0,,0,,3,,3,,,,,,,,,,,,,,,,,
FSL051,ERNA10,0,,0,,4,,0,,,,,,,,,,,,,,,,,
FSL051,JUBA,0,,0,,4,,0,,,,,,,,,,,,,,,,,
FSL051,SCAC3,4,,0,,0,,0,,,,,,,,,,,,,,,,,
FSL051,MUAS,0,,0,,0,,3,,,,,,,,,,,,,,,,,
FSL051,EPILO,1,,0,,1,,0,,,,,,,,,,,,,,,,,
FSL051,JUME4,0,,0,,0,,2,,,,,,,,,,,,,,,,,
FSL051,POMO5,0,,0,,0,,2,,,,,,,,,,,,,,,,,
FSL051,SYAS3,0,,0,,0,,2,,,,,,,,,,,,,,,,,
FSL051,ZEEX,0,,0,,1,,1,,,,,,,,,,,,,,,,,
FSL051,ASFA,1,,0,,0,,0,,,,,,,,,,,,,,,,,
FSL051,BAHY,0,,0,,0,,1,,,,,,,,,,,,,,,,,
FSL051,SALA3,0,,0,,1,,0,,,,,,,,,,,,,,,,,
FSL051,SUNI,0,,0,,0,,1,,,,,,,,,,,,,,,,,
FSL051,JUTO,0,,0,,0,,0,,,,,,,,,,,,,,,,,
FSL051,POFR2,0,,0,,0,,0,,,,,,,,,,,,,,,,,
FSL051,TARA,0,,0,,0,,0,,,,,,,,,,,,,,,,,
FSL053,DISP,2,,51,,10,,39,,,,,,,,,,,,,,,,,
FSL053,ATTO,5,,0,,17,,0,,,,,,,,,,,,,,,,,
FSL053,SPAI,8,,2,,3,,0,,,,,,,,,,,,,,,,,
FSL053,GLLE3,5,,1,,2,,0,,,,,,,,,,,,,,,,,
FSL053,JUBA,0,,0,,0,,8,,,,,,,,,,,,,,,,,
FSL053,SAEX,0,,0,,1,,7,,,,,,,,,,,,,,,,,
FSL053,ELTR3,0,,0,,0,,5,,,,,,,,,,,,,,,,,
FSL053,ERNA10,3,,0,,0,,0,,,,,,,,,,,,,,,,,
FSL053,BAHY,1,,0,,0,,0,,,,,,,,,,,,,,,,,
FSL053,JUME4,0,,0,,0,,1,,,,,,,,,,,,,,,,,
FSL053,TYPHA,0,,0,,0,,0,,,,,,,,,,,,,,,,,
FSL054,ELTR3,12,,0,,11,,10,,29,,26,,24,,5,,17,,,,,,,
FSL054,DISP,7,,20,,0,,2,,1,,18,,4,,4,,17,,,,,,,
FSL054,ANCA10,48,,0,,0,,0,,0,,0,,0,,0,,0,,,,,,,
FSL054,SPAI,0,,0,,0,,0,,1,,0,,3,,13,,7,,,,,,,
FSL054,GLLE3,1,,1,,0,,0,,1,,0,,6,,9,,3,,,,,,,
FSL054,ELEOC,10,,0,,0,,0,,0,,0,,0,,0,,0,,,,,,,
FSL054,APCA,0,,0,,0,,0,,0,,8,,0,,0,,0,,,,,,,
FSL054,LELA2,1,,0,,0,,1,,1,,3,,1,,0,,0,,,,,,,
FSL054,JUBA,2,,0,,0,,0,,1,,0,,0,,0,,2,,,,,,,
FSL054,ATTO,0,,3,,0,,0,,0,,0,,0,,0,,0,,,,,,,
FSL054,PYRA,0,,0,,0,,0,,0,,0,,0,,0,,3,,,,,,,
FSL054,SAEX,0,,1,,2,,0,,0,,0,,0,,0,,0,,,,,,,
FSL054,BAHY,0,,2,,0,,0,,0,,0,,0,,0,,0,,,,,,,
FSL054,HEAN3,1,,0,,0,,0,,0,,1,,0,,0,,0,,,,,,,
FSL054,SCAC3,2,,0,,0,,0,,0,,0,,0,,0,,0,,,,,,,
FSL054,CYDA,0,,0,,0,,0,,0,,0,,0,,1,,0,,,,,,,
FSL054,ERBA7,0,,0,,1,,0,,0,,0,,0,,0,,0,,,,,,,
FSL054,JUME4,0,,0,,0,,0,,0,,0,,0,,0,,1,,,,,,,
FSL054,POLYG4,0,,0,,0,,0,,0,,1,,0,,0,,0,,,,,,,
FSL054,TYPHA,1,,0,,0,,0,,0,,0,,0,,0,,0,,,,,,,
FSL064,SPAI,17,,14,,9,,22,,15,,24,,9,,7,,,,,,,,,
FSL064,DISP,14,,22,,8,,4,,6,,3,,17,,9,,,,,,,,,
FSL064,ATTO,6,,6,,3,,7,,1,,2,,1,,0,,,,,,,,,
FSL064,GLLE3,1,,2,,3,,8,,3,,0,,0,,5,,,,,,,,,
FSL064,ERNA10,3,,3,,7,,2,,2,,0,,0,,2,,,,,,,,,
FSL064,ELTR3,0,,0,,0,,1,,0,,14,,2,,1,,,,,,,,,
FSL064,JUBA,0,,0,,0,,0,,0,,4,,0,,0,,,,,,,,,
FSL064,CHMAC,0,,0,,0,,0,,0,,0,,0,,1,,,,,,,,,
FSL064,JUME4,0,,0,,0,,1,,0,,0,,0,,0,,,,,,,,,
FSL064,BAHY,0,,0,,0,,0,,0,,0,,0,,0,,,,,,,,,
FSL064,LELA2,0,,0,,0,,0,,0,,0,,0,,0,,,,,,,,,
FSL065,SPAI,2,,2,,6,,19,,9,,1,,,,,,,,,,,,,
FSL065,ERNA10,5,,7,,2,,2,,5,,0,,,,,,,,,,,,,
FSL065,ATTO,0,,7,,0,,1,,0,,7,,,,,,,,,,,,,
FSL065,GLLE3,0,,2,,6,,0,,0,,0,,,,,,,,,,,,,
FSL065,DISP,3,,4,,0,,0,,0,,0,,,,,,,,,,,,,
FSL116,ATTO,19,,,,8,,29,,15,,18,,9,,,,,,,,,,,
FSL116,DISP,12,,,,23,,3,,2,,20,,6,,,,,,,,,,,
FSL116,ELTR3,1,,,,2,,6,,0,,15,,35,,,,,,,,,,,
FSL116,ERNA10,14,,,,4,,8,,5,,7,,0,,,,,,,,,,,
FSL116,SPAI,0,,,,7,,7,,1,,0,,0,,,,,,,,,,,
FSL116,ROWO,0,,,,0,,0,,0,,0,,12,,,,,,,,,,,
FSL116,SAEX,0,,,,0,,0,,0,,0,,9,,,,,,,,,,,
FSL116,CAREX,0,,,,0,,0,,0,,7,,1,,,,,,,,,,,
FSL116,GLLE3,2,,,,0,,0,,0,,0,,5,,,,,,,,,,,
FSL116,JUBA,5,,,,0,,1,,0,,0,,0,,,,,,,,,,,
FSL116,JUME4,3,,,,0,,0,,0,,1,,1,,,,,,,,,,,
FSL116,ANCA10,2,,,,0,,0,,1,,0,,0,,,,,,,,,,,
FSL116,MUAS,0,,,,1,,0,,0,,0,,0,,,,,,,,,,,
FSL116,SALA3,0,,,,0,,0,,0,,0,,1,,,,,,,,,,,
FSL116,LELA2,0,,,,0,,0,,0,,0,,0,,,,,,,,,,,
FSL118,ERNA10,7,,3,,1,,4,,12,,,,,,,,,,,,,,,
FSL118,DISP,19,,0,,0,,0,,0,,,,,,,,,,,,,,,
FSL118,ATTO,3,,0,,0,,7,,4,,,,,,,,,,,,,,,
FSL118,SPAI,10,,0,,0,,0,,0,,,,,,,,,,,,,,,
FSL118,SAVE4,5,,4,,0,,0,,0,,,,,,,,,,,,,,,
FSL118,ARTRT,0,,0,,7,,0,,0,,,,,,,,,,,,,,,
FSL118,ATCA2,0,,4,,0,,0,,0,,,,,,,,,,,,,,,
FSL118,LELA2,0,,0,,0,,4,,0,,,,,,,,,,,,,,,
FSL118,SATR12,0,,0,,1,,2,,0,,,,,,,,,,,,,,,
FSL118,MUAS,2,,0,,0,,0,,0,,,,,,,,,,,,,,,
FSL118,ATCO,0,,0,,0,,0,,0,,,,,,,,,,,,,,,
FSL118,ERBA7,0,,0,,0,,0,,0,,,,,,,,,,,,,,,
FSL118,GRSP,0,,0,,0,,0,,0,,,,,,,,,,,,,,,
FSL118,POFR2,0,,0,,0,,0,,0,,,,,,,,,,,,,,,
FSL118,SALA3,0,,0,,0,,0,,0,,,,,,,,,,,,,,,
FSL120,DISP,6,,25,,16,,31,,4,,17,,46,,44,,0,,,,,,,
FSL120,SPAI,3,,2,,25,,0,,37,,13,,5,,11,,0,,,,,,,
FSL120,ERNA10,6,,3,,8,,0,,2,,10,,0,,0,,0,,,,,,,
FSL120,ATTO,23,,0,,1,,0,,0,,1,,1,,1,,0,,,,,,,
FSL120,JUBA,0,,4,,1,,7,,4,,0,,0,,0,,3,,,,,,,
FSL120,ELTR3,0,,4,,2,,0,,4,,4,,0,,0,,1,,,,,,,
FSL120,CYDA,0,,0,,0,,0,,7,,0,,0,,0,,0,,,,,,,
FSL120,JUME4,0,,0,,0,,3,,1,,0,,0,,0,,0,,,,,,,
FSL120,MUAS,2,,0,,1,,0,,1,,0,,0,,0,,0,,,,,,,
FSL120,CAREX,0,,0,,0,,2,,0,,0,,0,,0,,0,,,,,,,
FSL120,LELA2,0,,0,,0,,0,,0,,2,,0,,0,,0,,,,,,,
FSL120,LOCO6,0,,1,,0,,0,,1,,0,,0,,0,,0,,,,,,,
FSL120,HECU3,0,,0,,0,,0,,0,,0,,0,,0,,1,,,,,,,
FSL120,CIMO,0,,0,,0,,0,,0,,0,,0,,0,,0,,,,,,,
FSL120,HEAN3,0,,0,,0,,0,,0,,0,,0,,0,,0,,,,,,,
FSL120,LACO13,0,,0,,0,,0,,0,,0,,0,,0,,0,,,,,,,
FSL120,POFR2,0,,0,,0,,0,,0,,0,,0,,0,,0,,,,,,,
FSL120,POMO5,0,,0,,0,,0,,0,,0,,0,,0,,0,,,,,,,
FSL120,PYRA,0,,0,,0,,0,,0,,0,,0,,0,,0,,,,,,,
FSL120,ROWO,0,,0,,0,,0,,0,,0,,0,,0,,0,,,,,,,
FSL120,SAEX,0,,0,,0,,0,,0,,0,,0,,0,,0,,,,,,,
FSL120,SYAS3,0,,0,,0,,0,,0,,0,,0,,0,,0,,,,,,,
FSL120,TARA,0,,0,,0,,0,,0,,0,,0,,0,,0,,,,,,,
FSL123,DISP,14,,19,,0,,21,,,,,,,,,,,,,,,,,
FSL123,ELTR3,35,,5,,0,,5,,,,,,,,,,,,,,,,,
FSL123,SPAI,0,,20,,0,,17,,,,,,,,,,,,,,,,,
FSL123,GLLE3,5,,3,,0,,14,,,,,,,,,,,,,,,,,
FSL123,ATTO,0,,0,,14,,0,,,,,,,,,,,,,,,,,
FSL123,ERNA10,0,,1,,10,,0,,,,,,,,,,,,,,,,,
FSL123,JUBA,0,,2,,0,,3,,,,,,,,,,,,,,,,,
FSL123,LELA2,0,,1,,0,,1,,,,,,,,,,,,,,,,,
FSL123,BAHY,1,,0,,0,,0,,,,,,,,,,,,,,,,,
FSL123,SAVE4,0,,0,,0,,0,,,,,,,,,,,,,,,,,
FSL124,DISP,2,,49,,29,,19,,13,,,,,,,,,,,,,,,
FSL124,ELTR3,1,,10,,3,,33,,17,,,,,,,,,,,,,,,
FSL124,SPAI,1,,0,,11,,0,,4,,,,,,,,,,,,,,,
FSL124,GLLE3,0,,0,,3,,1,,4,,,,,,,,,,,,,,,
FSL124,BAHY,0,,0,,6,,0,,0,,,,,,,,,,,,,,,
FSL124,LELA2,4,,0,,0,,0,,1,,,,,,,,,,,,,,,
FSL124,JUBA,0,,0,,3,,0,,0,,,,,,,,,,,,,,,
FSL124,ATTO,0,,0,,2,,0,,0,,,,,,,,,,,,,,,
FSL124,SATR12,0,,0,,2,,0,,0,,,,,,,,,,,,,,,
FSL124,ERNA10,0,,0,,0,,0,,1,,,,,,,,,,,,,,,
FSL125,ELTR3,10,,36,,,,,,,,,,,,,,,,,,,,,
FSL125,DISP,19,,21,,,,,,,,,,,,,,,,,,,,,
FSL125,GLLE3,6,,0,,,,,,,,,,,,,,,,,,,,,
FSL125,SPAI,1,,0,,,,,,,,,,,,,,,,,,,,,
FSL126,SPAI,33,,3,,,,,,,,,,,,,,,,,,,,,
FSL126,DISP,18,,4,,,,,,,,,,,,,,,,,,,,,
FSL126,ELTR3,2,,9,,,,,,,,,,,,,,,,,,,,,
FSL126,GLLE3,0,,7,,,,,,,,,,,,,,,,,,,,,
FSL126,LELA2,1,,0,,,,,,,,,,,,,,,,,,,,,
FSL126,ATTO,0,,0,,,,,,,,,,,,,,,,,,,,,
FSL126,ERNA10,0,,0,,,,,,,,,,,,,,,,,,,,,
FSL126,ROWO,0,,0,,,,,,,,,,,,,,,,,,,,,
FSL126,SALA3,0,,0,,,,,,,,,,,,,,,,,,,,,
FSL128,SPAI,24,,44,,43,,3,,,,,,,,,,,,,,,,,
FSL128,ELTR3,11,,0,,0,,45,,,,,,,,,,,,,,,,,
FSL128,DISP,21,,2,,1,,16,,,,,,,,,,,,,,,,,
FSL128,GLLE3,1,,4,,4,,0,,,,,,,,,,,,,,,,,
FSL128,JUBA,2,,0,,1,,4,,,,,,,,,,,,,,,,,
FSL128,JUME4,2,,0,,0,,0,,,,,,,,,,,,,,,,,
FSL128,LELA2,0,,0,,0,,1,,,,,,,,,,,,,,,,,
FSL128,APCA,0,,0,,0,,0,,,,,,,,,,,,,,,,,
FSL128,ASOF,0,,0,,0,,0,,,,,,,,,,,,,,,,,
FSL128,HEAN3,0,,0,,0,,0,,,,,,,,,,,,,,,,,
FSL128,PYRA,0,,0,,0,,0,,,,,,,,,,,,,,,,,
FSL128,ROWO,0,,0,,0,,0,,,,,,,,,,,,,,,,,
FSL128,SAEX,0,,0,,0,,0,,,,,,,,,,,,,,,,,
FSL129,DISP,30,,21,,14,,4,,1,,,,,,,,,,,,,,,
FSL129,ELTR3,3,,21,,24,,4,,1,,,,,,,,,,,,,,,
FSL129,SPAI,15,,2,,3,,19,,0,,,,,,,,,,,,,,,
FSL129,JUBA,1,,1,,2,,5,,0,,,,,,,,,,,,,,,
FSL129,ERNA10,0,,0,,1,,2,,5,,,,,,,,,,,,,,,
FSL129,SAEX,2,,0,,0,,0,,6,,,,,,,,,,,,,,,
FSL129,JUME4,0,,3,,0,,1,,0,,,,,,,,,,,,,,,
FSL129,LELA2,0,,1,,1,,2,,0,,,,,,,,,,,,,,,
FSL129,GLLE3,2,,0,,0,,1,,0,,,,,,,,,,,,,,,
FSL129,ROWO,0,,2,,0,,0,,0,,,,,,,,,,,,,,,
FSL129,CAREX,0,,0,,0,,1,,0,,,,,,,,,,,,,,,
FSL130,SPAI,22,,14,,14,,11,,17,,9,,,,,,,,,,,,,
FSL130,DISP,7,,19,,5,,7,,29,,13,,,,,,,,,,,,,
FSL130,ATTO,0,,3,,26,,0,,0,,0,,,,,,,,,,,,,
FSL130,ERNA10,0,,4,,2,,0,,0,,10,,,,,,,,,,,,,
FSL130,GLLE3,11,,5,,0,,0,,0,,0,,,,,,,,,,,,,
FSL130,ELTR3,11,,4,,0,,0,,0,,0,,,,,,,,,,,,,
FSL130,JUBA,2,,0,,0,,0,,5,,3,,,,,,,,,,,,,
FSL130,JUME4,0,,0,,0,,0,,3,,1,,,,,,,,,,,,,
FSL130,ASLE8,0,,0,,0,,2,,0,,1,,,,,,,,,,,,,
FSL130,BAHY,0,,0,,0,,1,,0,,0,,,,,,,,,,,,,
FSL130,LELA2,0,,1,,0,,0,,0,,0,,,,,,,,,,,,,
FSL138,ELTR3,8,,33,,20,,24,,21,,,,,,,,,,,,,,,
FSL138,DISP,2,,11,,24,,30,,37,,,,,,,,,,,,,,,
FSL138,SPAI,26,,0,,0,,0,,0,,,,,,,,,,,,,,,
FSL138,GLLE3,6,,0,,6,,4,,2,,,,,,,,,,,,,,,
FSL138,BAHY,0,,0,,0,,0,,16,,,,,,,,,,,,,,,
FSL138,JUBA,2,,3,,4,,1,,0,,,,,,,,,,,,,,,
FSL138,JUME4,1,,1,,2,,0,,0,,,,,,,,,,,,,,,
FSL138,HEAN3,0,,0,,0,,0,,3,,,,,,,,,,,,,,,
FSL138,LELA2,0,,0,,3,,0,,0,,,,,,,,,,,,,,,
FSL138,NIOC2,0,,0,,0,,0,,2,,,,,,,,,,,,,,,
FSL138,ATPR,0,,0,,0,,0,,1,,,,,,,,,,,,,,,
FSL138,CRRUH,0,,0,,1,,0,,0,,,,,,,,,,,,,,,
FSL138,PHAU7,0,,0,,0,,0,,1,,,,,,,,,,,,,,,
FSL138,ATTO,0,,0,,0,,0,,0,,,,,,,,,,,,,,,
FSL138,PYRA,0,,0,,0,,0,,0,,,,,,,,,,,,,,,
FSL138,SAEX,0,,0,,0,,0,,0,,,,,,,,,,,,,,,
FSL138,SICO2,0,,0,,0,,0,,0,,,,,,,,,,,,,,,
FSL166,SPAI,57,,20,,8,,47,,,,,,,,,,,,,,,,,
FSL166,DISP,6,,17,,15,,12,,,,,,,,,,,,,,,,,
FSL166,ELTR3,0,,30,,10,,1,,,,,,,,,,,,,,,,,
FSL166,GLLE3,0,,0,,11,,8,,,,,,,,,,,,,,,,,
FSL166,PYRA,0,,3,,2,,0,,,,,,,,,,,,,,,,,
FSL166,ATTO,0,,2,,0,,0,,,,,,,,,,,,,,,,,
FSL166,ATPR,0,,0,,0,,0,,,,,,,,,,,,,,,,,
FSL166,BAHY,0,,0,,0,,0,,,,,,,,,,,,,,,,,
FSL166,HEAN3,0,,0,,0,,0,,,,,,,,,,,,,,,,,
FSL166,PHAU7,0,,0,,0,,0,,,,,,,,,,,,,,,,,
FSL166,POFR2,0,,0,,0,,0,,,,,,,,,,,,,,,,,
FSL166,ROWO,0,,0,,0,,0,,,,,,,,,,,,,,,,,
FSL166,SAEX,0,,0,,0,,0,,,,,,,,,,,,,,,,,
FSL166,SYAS3,0,,0,,0,,0,,,,,,,,,,,,,,,,,
FSL172,DISP,55,,12,,33,,58,,26,,,,,,,,,,,,,,,
FSL172,SAEX,22,,7,,14,,19,,19,,,,,,,,,,,,,,,
FSL172,ELTR3,7,,33,,14,,4,,18,,,,,,,,,,,,,,,
FSL172,ROWO,0,,13,,13,,0,,0,,,,,,,,,,,,,,,
FSL172,SPAI,3,,0,,0,,2,,8,,,,,,,,,,,,,,,
FSL172,HEAN3,1,,11,,0,,0,,0,,,,,,,,,,,,,,,
FSL172,GLLE3,3,,0,,0,,1,,6,,,,,,,,,,,,,,,
FSL172,BAHY,0,,0,,0,,7,,2,,,,,,,,,,,,,,,
FSL172,JUBA,1,,0,,2,,0,,1,,,,,,,,,,,,,,,
FSL172,PHAU7,0,,3,,0,,0,,0,,,,,,,,,,,,,,,
FSL172,ERNA10,0,,0,,1,,0,,0,,,,,,,,,,,,,,,
FSL172,LELA2,0,,0,,0,,1,,0,,,,,,,,,,,,,,,
FSL172,PYRA,1,,0,,0,,0,,0,,,,,,,,,,,,,,,
FSL172,SYAS3,0,,1,,0,,0,,0,,,,,,,,,,,,,,,
FSL187,SPAI,17,,3,,2,,26,,29,,2,,,,,,,,,,,,,
FSL187,DISP,6,,16,,17,,6,,5,,11,,,,,,,,,,,,,
FSL187,NIOC2,0,,6,,1,,0,,1,,0,,,,,,,,,,,,,
FSL187,JUBA,0,,0,,0,,0,,1,,0,,,,,,,,,,,,,
FSL187,SPGR,0,,0,,0,,0,,1,,0,,,,,,,,,,,,,
FSL187,ATPA3,0,,0,,0,,0,,0,,0,,,,,,,,,,,,,
FSL187,GLLE3,0,,0,,0,,0,,0,,0,,,,,,,,,,,,,
FSL187,JUME4,0,,0,,0,,0,,0,,0,,,,,,,,,,,,,
FSL187,PYRA,0,,0,,0,,0,,0,,0,,,,,,,,,,,,,
FSL187,SUNI,0,,0,,0,,0,,0,,0,,,,,,,,,,,,,
FSP004,SAVE4,2,,22,,5,,3,,8,,5,,4,,0,,,,,,,,,
FSP004,ATTO,14,,5,,4,,2,,7,,0,,0,,8,,,,,,,,,
FSP004,ERNA10,7,,0,,1,,2,,0,,0,,5,,0,,,,,,,,,
FSP004,SPAI,0,,0,,1,,6,,0,,0,,0,,2,,,,,,,,,
FSP004,DISP,2,,0,,1,,0,,0,,0,,0,,5,,,,,,,,,
FSP004,ELEOC,0,,0,,8,,0,,0,,0,,0,,0,,,,,,,,,
FSP004,CYDA,0,,0,,6,,0,,0,,0,,0,,0,,,,,,,,,
FSP004,ERCA20,4,,0,,0,,0,,0,,0,,0,,0,,,,,,,,,
FSP004,GNLU,0,,0,,3,,0,,0,,1,,0,,0,,,,,,,,,
FSP004,JUME4,0,,0,,0,,0,,0,,0,,0,,4,,,,,,,,,
FSP004,SATR12,0,,0,,0,,1,,2,,0,,1,,0,,,,,,,,,
FSP004,PADI6,0,,0,,0,,0,,0,,0,,0,,3,,,,,,,,,
FSP004,HOJU,0,,0,,1,,0,,0,,0,,0,,0,,,,,,,,,
FSP004,MUAS,0,,0,,1,,0,,0,,0,,0,,0,,,,,,,,,
FSP004,STEPH,0,,0,,0,,0,,0,,0,,1,,0,,,,,,,,,
FSP004,TRIFO,0,,0,,1,,0,,0,,0,,0,,0,,,,,,,,,
FSP006,SAVE4,14,,14,,11,,1,16,,,,,,,,,,,,,,,,
FSP006,ATTO,0,,9,,0,,8,0,,,,,,,,,,,,,,,,
FSP006,ERNA10,1,,0,,0,,3,0,,,,,,,,,,,,,,,,
FSP006,SPAI,1,,0,,0,,2,0,,,,,,,,,,,,,,,,
FSP006,ATCO,0,,0,,0,,0,0,,,,,,,,,,,,,,,,
FSP015,SPAI,14,,7,,0,,2,,3,,1,,2,,,,,,,,,,,
FSP015,ATTO,0,,0,,16,,6,,0,,0,,3,,,,,,,,,,,
FSP015,ARTRT,3,,2,,0,,3,,4,,3,,0,,,,,,,,,,,
FSP015,SAVE4,0,,0,,0,,0,,0,,13,,0,,,,,,,,,,,
FSP015,JUBA,0,,11,,0,,0,,0,,0,,0,,,,,,,,,,,
FSP015,ERNA10,7,,1,,0,,0,,0,,0,,0,,,,,,,,,,,
FSP015,ATCO,0,,0,,0,,2,,0,,0,,0,,,,,,,,,,,
FSP015,SATR12,0,,0,,0,,0,,0,,0,,2,,,,,,,,,,,
FSP015,STPA4,0,,0,,0,,2,,0,,0,,0,,,,,,,,,,,
FSP015,DISP,0,,1,,0,,0,,0,,0,,0,,,,,,,,,,,
FSP015,JUME4,0,,1,,0,,0,,0,,0,,0,,,,,,,,,,,
FSP015,ASFA,0,,0,,0,,0,,0,,0,,0,,,,,,,,,,,
FSP015,CAREX,0,,0,,0,,0,,0,,0,,0,,,,,,,,,,,
FSP015,ERBA7,0,,0,,0,,0,,0,,0,,0,,,,,,,,,,,
FSP015,MUAS,0,,0,,0,,0,,0,,0,,0,,,,,,,,,,,
FSP015,STEX,0,,0,,0,,0,,0,,0,,0,,,,,,,,,,,
FSP020,ATTO,0,,1,,4,,10,,1,,2,,1,,1,,0,,,,,,,
FSP020,SAVE4,0,,0,,0,,3,,0,,0,,3,,0,,2,,,,,,,
FSP020,ARTRT,0,,0,,0,,0,,0,,0,,0,,0,,2,,,,,,,
FSP020,SATR12,0,,0,,0,,0,,0,,0,,0,,0,,1,,,,,,,
IND011,SPAI,27,,17,,12,,2,,17,,20,,,,,,,,,,,,,
IND011,ERNA10,1,,8,,10,,10,,1,,0,,,,,,,,,,,,,
IND011,ATTO,0,,1,,5,,0,,8,,2,,,,,,,,,,,,,
IND011,DISP,3,,0,,2,,0,,4,,0,,,,,,,,,,,,,
IND011,SAEX,0,,0,,2,,0,,3,,0,,,,,,,,,,,,,
IND011,ASLE8,2,,1,,0,,0,,0,,0,,,,,,,,,,,,,
IND011,GLLE3,0,,0,,3,,0,,0,,0,,,,,,,,,,,,,
IND011,BAHY,0,,1,,0,,0,,0,,0,,,,,,,,,,,,,
IND011,ROWO,0,,0,,1,,0,,0,,0,,,,,,,,,,,,,
IND019,SPAI,39,,35,,24,,31,,0,,7,,,,,,,,,,,,,
IND019,ELTR3,1,,0,,22,,0,,6,,49,,,,,,,,,,,,,
IND019,GLLE3,3,,12,,4,,26,,2,,24,,,,,,,,,,,,,
IND019,DISP,0,,0,,1,,0,,25,,3,,,,,,,,,,,,,
IND019,SAEX,3,,0,,18,,0,,2,,4,,,,,,,,,,,,,
IND019,ROWO,0,,0,,22,,0,,3,,0,,,,,,,,,,,,,
IND019,ERNA10,5,,2,,0,,1,,3,,0,,,,,,,,,,,,,
IND019,JUBA,0,,0,,2,,1,,0,,4,,,,,,,,,,,,,
IND019,SALA3,0,,0,,0,,0,,5,,0,,,,,,,,,,,,,
IND019,SALA6,0,,0,,0,,0,,4,,0,,,,,,,,,,,,,
IND019,JUME4,0,,0,,0,,0,,0,,2,,,,,,,,,,,,,
IND019,STPA4,0,,0,,0,,2,,0,,0,,,,,,,,,,,,,
IND019,ASFA,0,,0,,1,,0,,0,,0,,,,,,,,,,,,,
IND019,MALE3,0,,0,,0,,0,,0,,1,,,,,,,,,,,,,
IND019,ASLE8,0,,0,,0,,0,,0,,0,,,,,,,,,,,,,
IND019,ATTO,0,,0,,0,,0,,0,,0,,,,,,,,,,,,,
IND019,ATTR,0,,0,,0,,0,,0,,0,,,,,,,,,,,,,
IND019,CIIN,0,,0,,0,,0,,0,,0,,,,,,,,,,,,,
IND019,ERCA20,0,,0,,0,,0,,0,,0,,,,,,,,,,,,,
IND019,LASE,0,,0,,0,,0,,0,,0,,,,,,,,,,,,,
IND019,MEAL2,0,,0,,0,,0,,0,,0,,,,,,,,,,,,,
IND019,POFR2,0,,0,,0,,0,,0,,0,,,,,,,,,,,,,
IND019,SPGR,0,,0,,0,,0,,0,,0,,,,,,,,,,,,,
IND019,SYAS3,0,,0,,0,,0,,0,,0,,,,,,,,,,,,,
IND021,ERNA10,27,,26,,22,,36,,31,,9,,0,,,,,,,,,,,
IND021,DISP,4,,3,,5,,0,,16,,16,,9,,,,,,,,,,,
IND021,ELTR3,1,,0,,0,,0,,3,,7,,32,,,,,,,,,,,
IND021,GLLE3,0,,0,,1,,3,,9,,8,,16,,,,,,,,,,,
IND021,SAEX,0,,0,,0,,7,,0,,0,,10,,,,,,,,,,,
IND021,ATTO,9,,1,,0,,0,,0,,2,,1,,,,,,,,,,,
IND021,SPAI,0,,0,,5,,0,,0,,5,,2,,,,,,,,,,,
IND021,TARA,0,,0,,0,,0,,0,,3,,2,,,,,,,,,,,
IND021,CALI4,0,,4,,0,,0,,0,,0,,0,,,,,,,,,,,
IND021,CYDA,0,,0,,0,,0,,0,,4,,0,,,,,,,,,,,
IND021,MALE3,0,,0,,0,,0,,1,,0,,1,,,,,,,,,,,
IND021,ASFA,0,,0,,0,,0,,0,,0,,1,,,,,,,,,,,
IND021,MEAL2,1,,0,,0,,0,,0,,0,,0,,,,,,,,,,,
IND021,APCA,0,,0,,0,,0,,0,,0,,0,,,,,,,,,,,
IND024,DISP,5,,25,,30,,7,,14,,4,,7,,48,,37,,,,,,,
IND024,SPAI,37,,28,,15,,28,,16,,0,,28,,14,,0,,,,,,,
IND024,ATTO,12,,15,,14,,4,,0,,13,,3,,8,,0,,,,,,,
IND024,ERNA10,2,,0,,8,,4,,18,,6,,26,,3,,0,,,,,,,
IND024,SALA3,0,,0,,0,,17,,0,,0,,0,,0,,25,,,,,,,
IND024,SAEX,2,,0,,0,,17,,0,,0,,0,,0,,3,,,,,,,
IND024,GLLE3,7,,0,,0,,1,,0,,0,,7,,0,,0,,,,,,,
IND024,ANCA10,0,,0,,0,,9,,0,,0,,0,,0,,0,,,,,,,
IND024,MEAL2,0,,0,,0,,0,,0,,0,,5,,0,,0,,,,,,,
IND024,HEAN3,0,,0,,0,,4,,0,,0,,0,,0,,0,,,,,,,
IND024,SATR12,0,,0,,0,,0,,0,,0,,0,,0,,4,,,,,,,
IND024,JUBA,0,,0,,0,,0,,0,,0,,0,,3,,0,,,,,,,
IND024,JUME4,3,,0,,0,,0,,0,,0,,0,,0,,0,,,,,,,
IND024,SPGR,0,,0,,0,,3,,0,,0,,0,,0,,0,,,,,,,
IND024,ARTRT,0,,0,,0,,0,,1,,0,,0,,0,,0,,,,,,,
IND024,ASFA,0,,0,,0,,0,,0,,0,,1,,0,,0,,,,,,,
IND024,HECU3,0,,0,,0,,0,,0,,0,,0,,0,,1,,,,,,,
IND024,SUNI,0,,0,,0,,0,,0,,0,,0,,1,,0,,,,,,,
IND024,ALOC2,0,,0,,0,,0,,0,,0,,0,,0,,0,,,,,,,
IND024,AMAC2,0,,0,,0,,0,,0,,0,,0,,0,,0,,,,,,,
IND024,ARCA6,0,,0,,0,,0,,0,,0,,0,,0,,0,,,,,,,
IND024,ARTRP2,0,,0,,0,,0,,0,,0,,0,,0,,0,,,,,,,
IND024,ATTR,0,,0,,0,,0,,0,,0,,0,,0,,0,,,,,,,
IND024,CYDA,0,,0,,0,,0,,0,,0,,0,,0,,0,,,,,,,
IND024,DAWR2,0,,0,,0,,0,,0,,0,,0,,0,,0,,,,,,,
IND024,ELAN,0,,0,,0,,0,,0,,0,,0,,0,,0,,,,,,,
IND024,ERBR7,0,,0,,0,,0,,0,,0,,0,,0,,0,,,,,,,
IND024,NIOC2,0,,0,,0,,0,,0,,0,,0,,0,,0,,,,,,,
IND024,ROWO,0,,0,,0,,0,,0,,0,,0,,0,,0,,,,,,,
IND024,SAGO,0,,0,,0,,0,,0,,0,,0,,0,,0,,,,,,,
IND024,TARA,0,,0,,0,,0,,0,,0,,0,,0,,0,,,,,,,
IND026,ATTO,3,,24,,0,,5,,1,,25,,0,,19,,,,,,,,,
IND026,ARTRT,1,,0,,0,,10,,9,,0,,16,,6,,,,,,,,,
IND026,ERNA10,12,,0,,0,,0,,0,,0,,3,,0,,,,,,,,,
IND026,ATPO,0,,0,,14,,0,,0,,0,,0,,0,,,,,,,,,
IND026,SPAI,6,,0,,0,,0,,4,,2,,0,,0,,,,,,,,,
IND026,GLLE3,6,,0,,0,,0,,1,,0,,0,,0,,,,,,,,,
IND026,ATCA2,0,,0,,0,,0,,0,,0,,1,,0,,,,,,,,,
IND026,ATCO,0,,0,,1,,0,,0,,0,,0,,0,,,,,,,,,
IND026,DISP,1,,0,,0,,0,,0,,0,,0,,0,,,,,,,,,
IND029,ARTRT,1,,24,,9,,1,20,,,,,,,,,,,,,,,,
IND029,ATPO,0,,0,,0,,16,0,,,,,,,,,,,,,,,,
IND029,POFR2,0,,0,,13,,0,0,,,,,,,,,,,,,,,,
IND029,ATTO,9,,0,,0,,0,0,,,,,,,,,,,,,,,,
IND029,ERNA10,0,,0,,4,,0,1,,,,,,,,,,,,,,,,
IND029,SPAI,3,,0,,0,,0,0,,,,,,,,,,,,,,,,
IND029,GLLE3,0,,0,,1,,0,0,,,,,,,,,,,,,,,,
IND029,AMAC2,0,,0,,0,,0,0,,,,,,,,,,,,,,,,
IND029,ARDO3,0,,0,,0,,0,0,,,,,,,,,,,,,,,,
IND029,CORA5,0,,0,,0,,0,0,,,,,,,,,,,,,,,,
IND029,DISP,0,,0,,0,,0,0,,,,,,,,,,,,,,,,
IND029,ENAC,0,,0,,0,,0,0,,,,,,,,,,,,,,,,
IND029,ERBR7,0,,0,,0,,0,0,,,,,,,,,,,,,,,,
IND029,FOPU2,0,,0,,0,,0,0,,,,,,,,,,,,,,,,
IND029,GUMI,0,,0,,0,,0,0,,,,,,,,,,,,,,,,
IND029,PHAU7,0,,0,,0,,0,0,,,,,,,,,,,,,,,,
IND029,PSARM,0,,0,,0,,0,0,,,,,,,,,,,,,,,,
IND029,SALA3,0,,0,,0,,0,0,,,,,,,,,,,,,,,,
IND029,STPA4,0,,0,,0,,0,0,,,,,,,,,,,,,,,,
IND035,SPAI,13,,48,,45,,45,,45,,41,,,,,,,,,,,,,
IND035,GLLE3,5,,0,,16,,24,,7,,8,,,,,,,,,,,,,
IND035,ERNA10,15,,0,,0,,1,,0,,1,,,,,,,,,,,,,
IND035,DISP,0,,7,,1,,4,,4,,0,,,,,,,,,,,,,
IND035,ATTO,1,,0,,0,,0,,0,,9,,,,,,,,,,,,,
IND035,ARTRT,7,,0,,0,,0,,0,,0,,,,,,,,,,,,,
IND035,IVAX,0,,0,,0,,3,,0,,0,,,,,,,,,,,,,
IND035,BAHY,0,,2,,0,,0,,0,,0,,,,,,,,,,,,,
IND035,JUBA,0,,1,,0,,0,,0,,0,,,,,,,,,,,,,
IND035,STPA4,1,,0,,0,,0,,0,,0,,,,,,,,,,,,,
IND035,ANCA10,0,,0,,0,,0,,0,,0,,,,,,,,,,,,,
IND035,CHBE4,0,,0,,0,,0,,0,,0,,,,,,,,,,,,,
IND035,HEAN3,0,,0,,0,,0,,0,,0,,,,,,,,,,,,,
IND035,ROWO,0,,0,,0,,0,,0,,0,,,,,,,,,,,,,
IND035,TARA,0,,0,,0,,0,,0,,0,,,,,,,,,,,,,
IND064,ATTO,21,,8,,27,,31,,32,,,,,,,,,,,,,,,
IND064,SPAI,15,,21,,7,,4,,8,,,,,,,,,,,,,,,
IND064,HECU3,7,,5,,2,,8,,2,,,,,,,,,,,,,,,
IND064,DISP,0,,3,,2,,9,,5,,,,,,,,,,,,,,,
IND064,GLLE3,0,,0,,0,,6,,0,,,,,,,,,,,,,,,
IND064,JUBA,0,,2,,0,,0,,0,,,,,,,,,,,,,,,
IND064,TARA,0,,1,,1,,0,,0,,,,,,,,,,,,,,,
IND064,ERNA10,0,,0,,1,,0,,0,,,,,,,,,,,,,,,
IND067,ATTO,19,,18,,0,,0,,10,,18,,15,,10,,5,,,,,,,
IND067,SPAI,1,,0,,0,,0,,6,,0,,1,,6,,4,,,,,,,
IND067,MALE3,0,,0,,0,,0,,9,,0,,3,,3,,0,,,,,,,
IND067,DISP,4,,2,,0,,3,,0,,0,,1,,2,,2,,,,,,,
IND067,SUNI,2,,1,,1,,0,,0,,0,,8,,2,,0,,,,,,,
IND067,ERNA10,0,,1,,0,,1,,0,,2,,3,,0,,1,,,,,,,
IND067,ALOC2,0,,0,,2,,0,,0,,0,,0,,0,,0,,,,,,,
IND067,GLLE3,0,,0,,0,,0,,0,,0,,0,,0,,0,,,,,,,
IND067,HECU3,0,,0,,0,,0,,0,,0,,0,,0,,0,,,,,,,
IND067,JUBA,0,,0,,0,,0,,0,,0,,0,,0,,0,,,,,,,
IND067,JUME4,0,,0,,0,,0,,0,,0,,0,,0,,0,,,,,,,
IND067,TARA,0,,0,,0,,0,,0,,0,,0,,0,,0,,,,,,,
IND086,SPAI,7,4,9,10,9,9,8,5,13,6,12,8,1,8,10,6,2,11,,,,,,
IND086,ERNA10,1,0,1,2,3,1,1,3,4,1,1,3,6,3,3,0,0,9,,,,,,
IND086,DISP,1,5,0,0,1,4,5,3,0,1,4,0,2,3,0,0,2,0,,,,,,
IND086,SUNI,1,2,5,0,1,1,5,7,1,0,0,1,0,0,1,3,1,0,,,,,,
IND086,ATCO,1,1,1,0,0,0,0,0,0,1,2,2,1,2,1,1,3,0,,,,,,
IND086,ATTO,0,0,0,0,1,1,3,2,0,1,0,1,1,0,2,0,1,1,,,,,,
IND086,SAVE4,0,2,0,0,0,2,1,3,0,0,0,1,0,1,0,2,2,0,,,,,,
IND086,ASLE8,0,0,0,0,2,0,0,0,5,1,0,0,0,0,0,0,0,0,,,,,,
IND086,ATPA3,2,0,0,0,0,1,1,0,0,0,1,1,0,0,0,0,0,0,,,,,,
IND086,GLLE3,0,0,0,0,0,0,0,0,0,2,0,1,0,0,3,0,0,0,,,,,,
IND086,STPA4,0,0,0,0,1,0,0,1,0,1,0,0,0,0,1,0,0,1,,,,,,
IND086,ARCA6,0,0,1,0,0,0,1,0,0,0,0,0,0,0,0,1,0,0,,,,,,
IND086,ELCI2,0,0,0,0,0,0,0,0,0,0,0,0,0,0,0,0,0,2,,,,,,
IND086,ARTRT,0,0,0,0,0,0,0,0,0,0,0,0,0,0,0,0,0,0,,,,,,
IND086,ATCO12,0,0,0,0,0,0,0,0,0,0,0,0,0,0,0,0,0,0,,,,,,
IND086,BAHY,0,0,0,0,0,0,0,0,0,0,0,0,0,0,0,0,0,0,,,,,,
IND086,CYDA,0,0,0,0,0,0,0,0,0,0,0,0,0,0,0,0,0,0,,,,,,
IND086,ELAN,0,0,0,0,0,0,0,0,0,0,0,0,0,0,0,0,0,0,,,,,,
IND086,JUBA,0,0,0,0,0,0,0,0,0,0,0,0,0,0,0,0,0,0,,,,,,
IND086,JUME4,0,0,0,0,0,0,0,0,0,0,0,0,0,0,0,0,0,0,,,,,,
IND086,LELA2,0,0,0,0,0,0,0,0,0,0,0,0,0,0,0,0,0,0,,,,,,
IND086,MEAL2,0,0,0,0,0,0,0,0,0,0,0,0,0,0,0,0,0,0,,,,,,
IND087,SPAI,4,,5,,9,,11,,6,,8,,3,,,,,,,,,,,
IND087,SUNI,2,,8,,7,,4,,11,,2,,0,,,,,,,,,,,
IND087,ATTO,0,,2,,7,,7,,3,,3,,9,,,,,,,,,,,
IND087,ERNA10,0,,0,,4,,2,,4,,6,,4,,,,,,,,,,,
IND087,GLLE3,0,,0,,11,,0,,0,,2,,0,,,,,,,,,,,
IND087,DISP,2,,0,,1,,1,,0,,1,,3,,,,,,,,,,,
IND087,SAVE4,1,,1,,1,,0,,0,,2,,0,,,,,,,,,,,
IND087,ATCO,3,,0,,0,,0,,0,,1,,0,,,,,,,,,,,
IND087,JUBA,0,,0,,0,,0,,0,,0,,1,,,,,,,,,,,
IND087,STPA4,0,,0,,1,,0,,0,,0,,0,,,,,,,,,,,
IND087,ELAN,0,,0,,0,,0,,0,,0,,0,,,,,,,,,,,
IND087,JUME4,0,,0,,0,,0,,0,,0,,0,,,,,,,,,,,
IND096,ERNA10,2,,14,,5,,13,,7,,2,,,,,,,,,,,,,
IND096,ATTO,6,,1,,0,,20,,4,,2,,,,,,,,,,,,,
IND096,DISP,12,,2,,5,,0,,1,,2,,,,,,,,,,,,,
IND096,SUNI,4,,0,,1,,0,,9,,0,,,,,,,,,,,,,
IND096,SPAI,0,,9,,2,,1,,0,,0,,,,,,,,,,,,,
IND096,GLLE3,8,,3,,0,,0,,0,,0,,,,,,,,,,,,,
IND096,IVAX,0,,7,,0,,0,,0,,0,,,,,,,,,,,,,
IND096,BAHY,0,,0,,0,,0,,0,,3,,,,,,,,,,,,,
IND096,SATR12,0,,0,,0,,0,,0,,2,,,,,,,,,,,,,
IND096,SAVE4,0,,0,,2,,0,,0,,0,,,,,,,,,,,,,
IND096,ATCO,0,,0,,1,,0,,0,,0,,,,,,,,,,,,,
IND096,STEPH,0,,0,,1,,0,,0,,0,,,,,,,,,,,,,
IND106,ATTO,15,,6,,26,,22,,1,,25,,18,,0,,,,,,,,,
IND106,ERNA10,0,,10,,0,,0,,2,,0,,0,,0,,,,,,,,,
IND106,SPAI,0,,9,,0,,0,,0,,0,,0,,0,,,,,,,,,
IND106,ATCO,0,,0,,0,,0,,1,,0,,0,,5,,,,,,,,,
IND106,SAVE4,0,,0,,0,,0,,6,,0,,0,,0,,,,,,,,,
IND106,SATR12,0,,0,,0,,0,,0,,0,,1,,4,,,,,,,,,
IND106,GLLE3,1,,2,,0,,0,,0,,0,,0,,0,,,,,,,,,
IND106,SUNI,0,,0,,0,,0,,2,,0,,0,,0,,,,,,,,,
IND111,ATTO,5,,8,,2,,21,,20,,24,,29,,,,,,,,,,,
IND111,SPAI,11,,13,,15,,22,,28,,0,,0,,,,,,,,,,,
IND111,ERNA10,7,,11,,21,,5,,12,,0,,0,,,,,,,,,,,
IND111,DISP,4,,9,,2,,2,,3,,0,,2,,,,,,,,,,,
IND111,GLLE3,0,,0,,5,,12,,0,,0,,2,,,,,,,,,,,
IND111,ROWO,0,,0,,0,,3,,0,,0,,7,,,,,,,,,,,
IND111,SAEX,0,,0,,0,,0,,0,,2,,5,,,,,,,,,,,
IND111,SAVE4,6,,0,,0,,0,,0,,0,,0,,,,,,,,,,,
IND111,ATCA2,0,,0,,0,,0,,0,,3,,0,,,,,,,,,,,
IND111,JUBA,0,,0,,0,,1,,2,,0,,0,,,,,,,,,,,
IND111,CIVU,0,,0,,0,,0,,2,,0,,0,,,,,,,,,,,
IND111,SUNI,2,,0,,0,,0,,0,,0,,0,,,,,,,,,,,
IND111,ARCA6,1,,0,,0,,0,,0,,0,,0,,,,,,,,,,,
IND111,ERDI4,0,,0,,0,,0,,1,,0,,0,,,,,,,,,,,
IND111,SYAS3,0,,0,,0,,0,,1,,0,,0,,,,,,,,,,,
IND111,ARTRT,0,,0,,0,,0,,0,,0,,0,,,,,,,,,,,
IND111,ATPO,0,,0,,0,,0,,0,,0,,0,,,,,,,,,,,
IND119,SPAI,7,,1,,17,,6,,,,,,,,,,,,,,,,,
IND119,DISP,4,,11,,2,,6,,,,,,,,,,,,,,,,,
IND119,SAVE4,0,,0,,0,,2,,,,,,,,,,,,,,,,,
IND119,SUNI,0,,0,,0,,2,,,,,,,,,,,,,,,,,
IND119,ATTO,0,,1,,0,,0,,,,,,,,,,,,,,,,,
IND119,ERNA10,0,,0,,0,,1,,,,,,,,,,,,,,,,,
IND119,ALOC2,0,,0,,0,,0,,,,,,,,,,,,,,,,,
IND119,ATCO,0,,0,,0,,0,,,,,,,,,,,,,,,,,
IND119,ELAN,0,,0,,0,,0,,,,,,,,,,,,,,,,,
IND119,HECU3,0,,0,,0,,0,,,,,,,,,,,,,,,,,
IND119,TARA,0,,0,,0,,0,,,,,,,,,,,,,,,,,
IND122,ATTO,6,,9,,6,,7,,16,,25,,14,,4,,,,,,,,,
IND122,ERNA10,5,,9,,2,,6,,0,,3,,2,,10,,,,,,,,,
IND122,GLLE3,4,,4,,1,,0,,7,,0,,5,,7,,,,,,,,,
IND122,SPAI,18,,0,,0,,0,,0,,0,,1,,0,,,,,,,,,
IND122,SAVE4,0,,6,,0,,3,,0,,0,,0,,2,,,,,,,,,
IND122,DISP,3,,2,,0,,0,,0,,0,,0,,0,,,,,,,,,
IND122,ELCI2,0,,0,,0,,0,,3,,0,,0,,0,,,,,,,,,
IND122,IVAX,0,,2,,0,,0,,0,,0,,0,,0,,,,,,,,,
IND122,SUNI,0,,0,,0,,0,,0,,1,,0,,1,,,,,,,,,
IND122,JUBA,0,,0,,1,,0,,0,,0,,0,,0,,,,,,,,,
IND124,ATTO,20,,11,,15,1,3,6,,,,,,,,,,,,,,,,
IND124,DISP,0,,37,,1,0,0,6,,,,,,,,,,,,,,,,
IND124,ERNA10,0,,5,,22,1,0,15,,,,,,,,,,,,,,,,
IND124,ARTRT,2,,0,,2,13,21,0,,,,,,,,,,,,,,,,
IND124,SPAI,0,,12,,3,0,0,9,,,,,,,,,,,,,,,,
IND124,FOPU2,23,,0,,0,0,0,0,,,,,,,,,,,,,,,,
IND124,GLLE3,0,,0,,0,0,0,2,,,,,,,,,,,,,,,,
IND124,ROWO,0,,2,,0,0,0,0,,,,,,,,,,,,,,,,
IND132,ATTO,13,,1,,15,,25,,20,,,,,,,,,,,,,,,
IND132,SAVE4,9,,11,,0,,0,,0,,,,,,,,,,,,,,,
IND132,ERNA10,0,,0,,0,,0,,7,,,,,,,,,,,,,,,
IND132,ATCO,0,,5,,0,,0,,0,,,,,,,,,,,,,,,
IND132,SAGO,0,,0,,0,,0,,4,,,,,,,,,,,,,,,
IND132,ACRE3,0,,0,,0,,0,,3,,,,,,,,,,,,,,,
IND132,ROWO,0,,0,,0,,0,,1,,,,,,,,,,,,,,,
IND132,SUNI,1,,0,,0,,0,,0,,,,,,,,,,,,,,,
IND133,ATTO,29,,0,,1,,20,,,,,,,,,,,,,,,,,
IND133,SATR12,0,,14,,12,,0,,,,,,,,,,,,,,,,,
IND133,ATPO,0,,0,,1,,0,,,,,,,,,,,,,,,,,
IND139,ATTO,25,,4,,22,,13,,38,,0,,24,,4,,12,,,,0,,25,
IND139,ERNA10,0,,43,,15,,0,,0,,11,,0,,2,,0,,,,0,,0,
IND139,ATPO,0,,0,,0,,0,,0,,0,,8,,0,,0,,,,30,,24,
IND139,SPAI,0,,7,,16,,0,,0,,19,,0,,18,,1,,,,0,,0,
IND139,SUNI,0,,0,,5,,0,,0,,9,,0,,6,,0,,,,0,,0,
IND139,SAVE4,0,,0,,0,,0,,0,,1,,0,,8,,6,,,,0,,0,
IND139,JUBA,0,,13,,0,,0,,0,,0,,0,,0,,0,,,,0,,0,
IND139,DISP,0,,1,,3,,0,,0,,4,,0,,0,,0,,,,0,,0,
IND139,GLLE3,0,,8,,0,,0,,0,,0,,0,,0,,0,,,,0,,0,
IND139,SATR12,0,,0,,0,,2,,0,,0,,0,,0,,2,,,,0,,0,
IND139,ATCO,0,,0,,0,,0,,0,,0,,0,,0,,2,,,,0,,0,
IND139,JUME4,0,,0,,0,,0,,0,,0,,0,,0,,0,,,,0,,0,
IND151,SPAI,15,,20,,15,,16,,14,,0,,5,,28,,,,,,,,,
IND151,ERNA10,4,,1,,5,,0,,2,,3,,7,,3,,,,,,,,,
IND151,DISP,1,,6,,2,,1,,6,,2,,1,,0,,,,,,,,,
IND151,ATTO,0,,0,,0,,0,,1,,3,,0,,8,,,,,,,,,
IND151,GLLE3,5,,0,,4,,0,,0,,0,,0,,0,,,,,,,,,
IND151,ROWO,7,,0,,0,,0,,0,,0,,0,,0,,,,,,,,,
IND151,SAEX,2,,0,,0,,0,,0,,0,,0,,1,,,,,,,,,
IND151,SAVE4,0,,0,,3,,0,,0,,0,,0,,0,,,,,,,,,
IND151,ERDI4,0,,0,,0,,0,,1,,0,,0,,0,,,,,,,,,
IND151,IVAX,0,,0,,0,,0,,1,,0,,0,,0,,,,,,,,,
IND163,SPAI,7,,0,,8,,8,,3,,5,,7,,2,,10,,3,,,,,
IND163,ERNA10,2,,4,,2,,6,,6,,7,,1,,3,,2,,5,,,,,
IND163,SAVE4,1,,6,,0,,3,,0,,2,,3,,12,,1,,9,,,,,
IND163,DISP,0,,4,,1,,1,,0,,2,,1,,4,,0,,1,,,,,
IND163,ATCO,0,,0,,2,,0,,0,,1,,1,,0,,6,,2,,,,,
IND163,SUNI,0,,0,,0,,0,,0,,1,,0,,2,,0,,9,,,,,
IND163,STEPH,0,,2,,2,,0,,3,,0,,2,,0,,0,,0,,,,,
IND163,TARA,0,,0,,0,,0,,6,,0,,0,,0,,0,,0,,,,,
IND163,ATPA3,0,,0,,0,,0,,0,,0,,2,,0,,0,,1,,,,,
IND163,ATTO,2,,0,,0,,0,,0,,0,,0,,0,,0,,0,,,,,
IND163,TEGL,0,,0,,0,,2,,0,,0,,0,,0,,0,,0,,,,,
IND163,JUBA,0,,0,,0,,0,,0,,0,,0,,0,,0,,0,,,,,
IND205,SPAI,23,,30,,22,,19,,,,,,,,,,,,,,,,,
IND205,ERNA10,16,,19,,4,,17,,,,,,,,,,,,,,,,,
IND205,ATTO,11,,6,,6,,22,,,,,,,,,,,,,,,,,
IND205,DISP,6,,10,,22,,3,,,,,,,,,,,,,,,,,
IND205,ELTR3,0,,0,,11,,0,,,,,,,,,,,,,,,,,
IND205,GLLE3,0,,4,,0,,5,,,,,,,,,,,,,,,,,
IND205,CYDA,0,,0,,6,,0,,,,,,,,,,,,,,,,,
IND205,JUBA,4,,2,,0,,0,,,,,,,,,,,,,,,,,
IND205,MEAL2,0,,0,,5,,0,,,,,,,,,,,,,,,,,
IND205,ULMUS,0,,0,,4,,0,,,,,,,,,,,,,,,,,
IND205,ROWO,1,,0,,1,,0,,,,,,,,,,,,,,,,,
IND205,TRIFO,0,,0,,2,,0,,,,,,,,,,,,,,,,,
IND205,ASFA,1,,0,,0,,0,,,,,,,,,,,,,,,,,
IND205,ELEOC,0,,0,,1,,0,,,,,,,,,,,,,,,,,
IND205,HOJU,0,,0,,1,,0,,,,,,,,,,,,,,,,,
IND205,JUME4,0,,0,,1,,0,,,,,,,,,,,,,,,,,
IND205,PLLA,0,,0,,1,,0,,,,,,,,,,,,,,,,,
IND205,POPA2,0,,0,,1,,0,,,,,,,,,,,,,,,,,
IND231,ATPO,1,,21,,1,,1,,14,,,,,,,,,,,,,,,
IND231,SATR12,12,,0,,10,,11,,3,,,,,,,,,,,,,,,
IND231,ATTO,0,,0,,2,,2,,0,,,,,,,,,,,,,,,
IND231,ATCA2,2,,0,,0,,0,,0,,,,,,,,,,,,,,,
IND231,ATCO,0,,0,,0,,0,,1,,,,,,,,,,,,,,,
LAW030,JUBA,0,,0,,27,,6,,0,,,,,,,,,,,,,,,
LAW030,DISP,0,,0,,4,,15,,12,,,,,,,,,,,,,,,
LAW030,TYDO,0,,0,,0,,19,,0,,,,,,,,,,,,,,,
LAW030,ALOC2,0,,0,,3,,0,,11,,,,,,,,,,,,,,,
LAW030,MEAL2,0,,0,,9,,5,,0,,,,,,,,,,,,,,,
LAW030,CAPR5,0,,0,,12,,0,,0,,,,,,,,,,,,,,,
LAW030,SPAI,0,,3,,4,,0,,0,,,,,,,,,,,,,,,
LAW030,ATTO,0,,0,,2,,2,,1,,,,,,,,,,,,,,,
LAW030,CIDO,0,,0,,0,,5,,0,,,,,,,,,,,,,,,
LAW030,ERNA10,0,,0,,5,,0,,0,,,,,,,,,,,,,,,
LAW030,EUOC4,0,,0,,0,,5,,0,,,,,,,,,,,,,,,
LAW030,ELTR3,0,,0,,3,,0,,0,,,,,,,,,,,,,,,
LAW030,ASFA,0,,0,,2,,0,,0,,,,,,,,,,,,,,,
LAW030,LELA2,0,,1,,0,,1,,0,,,,,,,,,,,,,,,
LAW030,MUAS,0,,0,,1,,1,,0,,,,,,,,,,,,,,,
LAW030,CIVU,0,,0,,0,,1,,0,,,,,,,,,,,,,,,
LAW030,EPILO,0,,0,,1,,0,,0,,,,,,,,,,,,,,,
LAW030,IVAX,0,,1,,0,,0,,0,,,,,,,,,,,,,,,
LAW030,LASE,0,,0,,0,,1,,0,,,,,,,,,,,,,,,
LAW030,MIGU,0,,0,,0,,1,,0,,,,,,,,,,,,,,,
LAW030,POMO5,0,,0,,0,,1,,0,,,,,,,,,,,,,,,
LAW030,VEAN2,0,,0,,0,,1,,0,,,,,,,,,,,,,,,
LAW030,HEAN3,0,,0,,0,,0,,0,,,,,,,,,,,,,,,
LAW035,SPAI,2,,3,,1,,1,,,,,,,,,,,,,,,,,
LAW035,ERNA10,3,,0,,0,,1,,,,,,,,,,,,,,,,,
LAW035,IVAX,0,,0,,1,,0,,,,,,,,,,,,,,,,,
LAW035,LELA2,0,,0,,1,,0,,,,,,,,,,,,,,,,,
LAW035,ATTO,0,,0,,0,,0,,,,,,,,,,,,,,,,,
LAW035,GLLE3,0,,0,,0,,0,,,,,,,,,,,,,,,,,
LAW043,SAVE4,3,,0,,13,,0,,4,,,,,,,,,,,,,,,
LAW043,ATTO,8,,10,,0,,0,,0,,,,,,,,,,,,,,,
LAW043,ERNA10,0,,1,,0,,1,,2,,,,,,,,,,,,,,,
LAW043,TEGL,0,,0,,0,,0,,4,,,,,,,,,,,,,,,
LAW043,MUAS,3,,0,,0,,0,,0,,,,,,,,,,,,,,,
LAW043,PSPO,0,,0,,0,,0,,3,,,,,,,,,,,,,,,
LAW043,ATCA2,0,,0,,0,,0,,2,,,,,,,,,,,,,,,
LAW043,BAHY,1,,0,,0,,0,,0,,,,,,,,,,,,,,,
LAW043,DISP,1,,0,,0,,0,,0,,,,,,,,,,,,,,,
LAW043,TARA,1,,0,,0,,0,,0,,,,,,,,,,,,,,,
LAW052,ERNA10,4,,5,,8,11,7,2,,,,,,,,,,,,,,,,
LAW052,ATTO,0,,0,,3,0,0,0,,,,,,,,,,,,,,,,
LAW052,IVAX,0,,2,,0,0,0,0,,,,,,,,,,,,,,,,
LAW052,SATR12,0,,1,,0,1,0,0,,,,,,,,,,,,,,,,
LAW052,DISP,1,,0,,0,0,0,0,,,,,,,,,,,,,,,,
LAW052,BAHY,0,,0,,0,0,0,0,,,,,,,,,,,,,,,,
LAW052,SPAI,0,,0,,0,0,0,0,,,,,,,,,,,,,,,,
LAW062,ERNA10,1,,2,,0,,0,,9,,,,,,,,,,,,,,,
LAW062,SAVE4,12,,0,,0,,0,,0,,,,,,,,,,,,,,,
LAW062,ATTO,0,,2,,0,,2,,0,,,,,,,,,,,,,,,
LAW062,HECU3,0,,0,,0,,4,,0,,,,,,,,,,,,,,,
LAW062,SPAI,0,,1,,0,,2,,0,,,,,,,,,,,,,,,
LAW062,BAHY,0,,0,,2,,0,,0,,,,,,,,,,,,,,,
LAW062,DISP,0,,0,,0,,2,,0,,,,,,,,,,,,,,,
LAW062,ERBA7,0,,0,,1,,0,,0,,,,,,,,,,,,,,,
LAW062,SATR12,0,,0,,1,,0,,0,,,,,,,,,,,,,,,
LAW063,SAVE4,11,,0,,13,,3,,2,,,,,,,,,,,,,,,
LAW063,ERNA10,1,,4,,3,,12,,2,,,,,,,,,,,,,,,
LAW063,ATTO,0,,13,,3,,0,,0,,,,,,,,,,,,,,,
LAW063,IVAX,0,,0,,0,,5,,1,,,,,,,,,,,,,,,
LAW063,MALE3,0,,0,,0,,0,,3,,,,,,,,,,,,,,,
LAW063,BAHY,0,,0,,0,,0,,2,,,,,,,,,,,,,,,
LAW063,LELA2,0,,0,,0,,1,,1,,,,,,,,,,,,,,,
LAW063,SALA3,0,,0,,0,,0,,1,,,,,,,,,,,,,,,
LAW063,AMAC2,0,,0,,0,,0,,0,,,,,,,,,,,,,,,
LAW063,ATCO,0,,0,,0,,0,,0,,,,,,,,,,,,,,,
LAW063,ERCA20,0,,0,,0,,0,,0,,,,,,,,,,,,,,,
LAW063,HEAN3,0,,0,,0,,0,,0,,,,,,,,,,,,,,,
LAW063,HECU3,0,,0,,0,,0,,0,,,,,,,,,,,,,,,
LAW063,PSLU6,0,,0,,0,,0,,0,,,,,,,,,,,,,,,
LAW063,SATR12,0,,0,,0,,0,,0,,,,,,,,,,,,,,,
LAW065,ERNA10,4,,0,,16,0,11,0,,,,,,,,,,,,,,,,
LAW065,DISP,0,,9,,0,4,0,5,,,,,,,,,,,,,,,,
LAW065,SAVE4,6,,0,,0,5,0,4,,,,,,,,,,,,,,,,
LAW065,HECU3,0,,0,,1,0,0,0,,,,,,,,,,,,,,,,
LAW070,MEAL2,0,,0,,8,,,,,,,,,,,,,,,,,,,
LAW070,LACO13,2,,0,,3,,,,,,,,,,,,,,,,,,,
LAW070,HECU3,4,,0,,0,,,,,,,,,,,,,,,,,,,
LAW070,HEAN3,0,,1,,2,,,,,,,,,,,,,,,,,,,
LAW070,ELPA3,0,,0,,2,,,,,,,,,,,,,,,,,,,
LAW070,DISP,0,,0,,1,,,,,,,,,,,,,,,,,,,
LAW070,LASE,0,,0,,1,,,,,,,,,,,,,,,,,,,
LAW070,LELA2,0,,1,,0,,,,,,,,,,,,,,,,,,,
LAW070,SATR12,0,,0,,1,,,,,,,,,,,,,,,,,,,
LAW070,TYPHA,0,,0,,1,,,,,,,,,,,,,,,,,,,
LAW072,MUAS,11,,27,,28,,26,,6,,0,,2,,,,,,,,,,,
LAW072,SPAI,2,,4,,9,,4,,16,,22,,26,,,,,,,,,,,
LAW072,ERNA10,0,,4,,8,,18,,9,,9,,7,,,,,,,,,,,
LAW072,ELTR3,4,,4,,4,,0,,0,,0,,0,,,,,,,,,,,
LAW072,IVAX,1,,0,,0,,0,,0,,4,,7,,,,,,,,,,,
LAW072,ELPA3,2,,3,,0,,0,,2,,0,,1,,,,,,,,,,,
LAW072,HECU3,3,,0,,2,,0,,0,,2,,1,,,,,,,,,,,
LAW072,JUBA,0,,6,,1,,1,,0,,0,,0,,,,,,,,,,,
LAW072,MALE3,0,,3,,0,,0,,0,,2,,2,,,,,,,,,,,
LAW072,MEAL2,0,,0,,0,,0,,0,,7,,0,,,,,,,,,,,
LAW072,LELA2,0,,1,,0,,0,,1,,4,,0,,,,,,,,,,,
LAW072,TYPHA,4,,0,,2,,0,,0,,0,,0,,,,,,,,,,,
LAW072,ELRO2,3,,2,,0,,0,,0,,0,,0,,,,,,,,,,,
LAW072,ERDI4,0,,0,,0,,0,,0,,0,,4,,,,,,,,,,,
LAW072,PSLU6,0,,0,,0,,1,,1,,0,,2,,,,,,,,,,,
LAW072,LACO13,0,,0,,0,,0,,0,,3,,0,,,,,,,,,,,
LAW072,SYAS3,1,,0,,0,,0,,0,,1,,1,,,,,,,,,,,
LAW072,DISP,0,,0,,0,,0,,1,,1,,0,,,,,,,,,,,
LAW072,HEAN3,0,,0,,0,,0,,0,,1,,0,,,,,,,,,,,
LAW072,MAVE2,0,,0,,0,,1,,0,,0,,0,,,,,,,,,,,
LAW072,CAMIM6,0,,0,,0,,0,,0,,0,,0,,,,,,,,,,,
LAW072,POFR2,0,,0,,0,,0,,0,,0,,0,,,,,,,,,,,
LAW072,SALA3,0,,0,,0,,0,,0,,0,,0,,,,,,,,,,,
LAW078,SPAI,30,,2,,0,,14,,,,,,,,,,,,,,,,,
LAW078,GLLE3,0,,0,,16,,1,,,,,,,,,,,,,,,,,
LAW078,ATTO,2,,0,,7,,7,,,,,,,,,,,,,,,,,
LAW078,ERNA10,4,,1,,0,,8,,,,,,,,,,,,,,,,,
LAW078,HECU3,0,,5,,2,,0,,,,,,,,,,,,,,,,,
LAW078,DISP,2,,0,,2,,0,,,,,,,,,,,,,,,,,
LAW078,ELCI2,0,,0,,0,,2,,,,,,,,,,,,,,,,,
LAW078,JUBA,0,,2,,0,,0,,,,,,,,,,,,,,,,,
LAW078,SAVE4,0,,0,,0,,2,,,,,,,,,,,,,,,,,
LAW078,BAHY,0,,0,,1,,0,,,,,,,,,,,,,,,,,
LAW078,JUME4,0,,1,,0,,0,,,,,,,,,,,,,,,,,
LAW078,LACO13,0,,1,,0,,0,,,,,,,,,,,,,,,,,
LAW078,TARA,0,,0,,0,,0,,,,,,,,,,,,,,,,,
LAW082,ATTO,0,,9,,21,,4,,,,,,,,,,,,,,,,,
LAW082,ERNA10,3,,3,,0,,1,,,,,,,,,,,,,,,,,
LAW082,ATCO,0,,0,,0,,2,,,,,,,,,,,,,,,,,
LAW082,PSPO,2,,0,,0,,0,,,,,,,,,,,,,,,,,
LAW082,SALA3,0,,0,,0,,0,,,,,,,,,,,,,,,,,
LAW082,SATR12,0,,0,,0,,0,,,,,,,,,,,,,,,,,
LAW085,SPAI,10,,0,,14,7,8,5,,,,,,,,,,,,,,,,
LAW085,ATTO,7,,20,,1,9,0,5,,,,,,,,,,,,,,,,
LAW085,SAVE4,3,,0,,0,0,0,4,,,,,,,,,,,,,,,,
LAW085,ERNA10,0,,0,,3,0,0,0,,,,,,,,,,,,,,,,
LAW085,ALOC2,0,,0,,0,0,1,1,,,,,,,,,,,,,,,,
LAW085,DISP,0,,0,,0,0,1,1,,,,,,,,,,,,,,,,
LAW105,SPAI,0,,1,,7,,27,,6,,18,,7,,23,,,,,,,,,
LAW105,ATTO,7,,11,,1,,10,,27,,5,,22,,2,,,,,,,,,
LAW105,GLLE3,0,,0,,2,,3,,0,,5,,10,,2,,,,,,,,,
LAW105,ALOC2,0,,16,,0,,0,,0,,0,,0,,4,,,,,,,,,
LAW105,ERNA10,0,,0,,0,,4,,0,,3,,0,,2,,,,,,,,,
LAW105,SAVE4,3,,3,,1,,0,,0,,0,,0,,0,,,,,,,,,
LAW105,DISP,0,,0,,3,,0,,0,,0,,2,,0,,,,,,,,,
LAW105,SAEX,0,,0,,0,,0,,0,,3,,0,,0,,,,,,,,,
LAW105,PHAU7,0,,0,,1,,0,,0,,0,,0,,1,,,,,,,,,
LAW107,ATTO,15,,7,,34,2,32,11,,,,,,,,,,,,,,,,
LAW107,DISP,31,,11,,4,10,12,26,,,,,,,,,,,,,,,,
LAW107,SPAI,0,,32,,0,34,0,6,,,,,,,,,,,,,,,,
LAW107,ERNA10,1,,13,,0,14,1,0,,,,,,,,,,,,,,,,
LAW107,ELTR3,3,,9,,0,8,3,0,,,,,,,,,,,,,,,,
LAW107,ALOC2,0,,0,,8,0,1,0,,,,,,,,,,,,,,,,
LAW107,GLLE3,2,,0,,1,0,0,2,,,,,,,,,,,,,,,,
LAW107,PHAU7,0,,0,,0,1,0,0,,,,,,,,,,,,,,,,
LAW108,MUAS,0,,26,,0,,51,,42,,19,,19,,0,,0,,0,,,,,
LAW108,DISP,12,,16,,1,,1,,5,,40,,39,,23,,1,,1,,,,,
LAW108,SPAI,8,,0,,0,,2,,3,,0,,0,,51,,43,,0,,,,,
LAW108,ANCA10,0,,0,,0,,0,,0,,0,,0,,0,,0,,63,,,,,
LAW108,ELTR3,0,,6,,0,,2,,14,,11,,1,,0,,0,,3,,,,,
LAW108,ATTO,2,,1,,0,,0,,0,,0,,0,,2,,7,,15,,,,,
LAW108,GLLE3,0,,0,,0,,0,,0,,0,,0,,0,,26,,0,,,,,
LAW108,JUBA,0,,3,,0,,10,,2,,1,,6,,0,,0,,0,,,,,
LAW108,ERNA10,7,,1,,6,,0,,1,,0,,0,,0,,3,,1,,,,,
LAW108,SCAM6,0,,0,,0,,0,,0,,0,,14,,0,,0,,0,,,,,
LAW108,BAHY,0,,0,,1,,0,,0,,0,,0,,8,,0,,2,,,,,
LAW108,CAREX,0,,0,,0,,6,,0,,5,,0,,0,,0,,0,,,,,
LAW108,LELA2,1,,2,,0,,0,,0,,1,,2,,0,,0,,0,,,,,
LAW108,ELRO2,0,,0,,0,,4,,1,,0,,0,,0,,0,,0,,,,,
LAW108,ALOC2,0,,0,,0,,0,,0,,0,,0,,1,,3,,0,,,,,
LAW108,JUME4,0,,2,,0,,0,,0,,0,,0,,0,,0,,0,,,,,
LAW108,POLYG4,0,,0,,0,,2,,0,,0,,0,,0,,0,,0,,,,,
LAW108,ELPA3,0,,0,,0,,1,,0,,0,,0,,0,,0,,0,,,,,
LAW108,HOJU,0,,0,,0,,0,,0,,0,,1,,0,,0,,0,,,,,
LAW108,PACA6,0,,0,,0,,1,,0,,0,,0,,0,,0,,0,,,,,
LAW108,POMO5,0,,0,,0,,0,,0,,0,,1,,0,,0,,0,,,,,
LAW108,RUSA,0,,0,,0,,1,,0,,0,,0,,0,,0,,0,,,,,
LAW108,ATPR,0,,0,,0,,0,,0,,0,,0,,0,,0,,0,,,,,
LAW108,ATRO,0,,0,,0,,0,,0,,0,,0,,0,,0,,0,,,,,
LAW108,ATTR,0,,0,,0,,0,,0,,0,,0,,0,,0,,0,,,,,
LAW108,ERCA20,0,,0,,0,,0,,0,,0,,0,,0,,0,,0,,,,,
LAW108,GNLU,0,,0,,0,,0,,0,,0,,0,,0,,0,,0,,,,,
LAW108,HEAN3,0,,0,,0,,0,,0,,0,,0,,0,,0,,0,,,,,
LAW108,HECU3,0,,0,,0,,0,,0,,0,,0,,0,,0,,0,,,,,
LAW108,IVAX,0,,0,,0,,0,,0,,0,,0,,0,,0,,0,,,,,
LAW108,LACO13,0,,0,,0,,0,,0,,0,,0,,0,,0,,0,,,,,
LAW108,MALE3,0,,0,,0,,0,,0,,0,,0,,0,,0,,0,,,,,
LAW108,PYRA,0,,0,,0,,0,,0,,0,,0,,0,,0,,0,,,,,
LAW108,SALA3,0,,0,,0,,0,,0,,0,,0,,0,,0,,0,,,,,
LAW108,SYAS3,0,,0,,0,,0,,0,,0,,0,,0,,0,,0,,,,,
LAW108,TARA,0,,0,,0,,0,,0,,0,,0,,0,,0,,0,,,,,
LAW108,TYDO,0,,0,,0,,0,,0,,0,,0,,0,,0,,0,,,,,
LAW108,ZEEX,0,,0,,0,,0,,0,,0,,0,,0,,0,,0,,,,,
LAW112,SPAI,29,,28,,16,19,24,10,,,,,,,,,,,,,,,,
LAW112,ATTO,20,,13,,16,18,27,28,,,,,,,,,,,,,,,,
LAW112,DISP,0,,0,,1,1,0,0,,,,,,,,,,,,,,,,
LAW120,SPAI,40,,49,,15,,34,,65,,,,,,,,,,,,,,,
LAW120,ATTO,12,,13,,4,,9,,0,,,,,,,,,,,,,,,
LAW120,GLLE3,0,,13,,13,,0,,0,,,,,,,,,,,,,,,
LAW120,IVAX,2,,1,,12,,0,,0,,,,,,,,,,,,,,,
LAW120,DISP,0,,4,,0,,5,,0,,,,,,,,,,,,,,,
LAW120,ELTR3,0,,0,,5,,0,,0,,,,,,,,,,,,,,,
LAW120,LELA2,0,,2,,3,,0,,0,,,,,,,,,,,,,,,
LAW120,ERNA10,1,,1,,0,,1,,0,,,,,,,,,,,,,,,
LAW120,ASFA,0,,1,,1,,0,,0,,,,,,,,,,,,,,,
LAW120,LACO13,0,,1,,1,,0,,0,,,,,,,,,,,,,,,
LAW120,LASE,0,,1,,1,,0,,0,,,,,,,,,,,,,,,
LAW120,ERCA20,0,,1,,0,,0,,0,,,,,,,,,,,,,,,
LAW120,SAVE4,0,,0,,0,,1,,0,,,,,,,,,,,,,,,
LAW120,ELCI2,0,,0,,0,,0,,0,,,,,,,,,,,,,,,
LAW120,ERDI4,0,,0,,0,,0,,0,,,,,,,,,,,,,,,
LAW120,GNLU,0,,0,,0,,0,,0,,,,,,,,,,,,,,,
LAW120,HEAN3,0,,0,,0,,0,,0,,,,,,,,,,,,,,,
LAW120,MEAL2,0,,0,,0,,0,,0,,,,,,,,,,,,,,,
LAW120,MUAS,0,,0,,0,,0,,0,,,,,,,,,,,,,,,
LAW120,POFR2,0,,0,,0,,0,,0,,,,,,,,,,,,,,,
LAW120,SAEX,0,,0,,0,,0,,0,,,,,,,,,,,,,,,
LAW120,SALA3,0,,0,,0,,0,,0,,,,,,,,,,,,,,,
LAW120,SYAS3,0,,0,,0,,0,,0,,,,,,,,,,,,,,,
LAW120,TARA,0,,0,,0,,0,,0,,,,,,,,,,,,,,,
LAW122,DISP,13,,32,,21,,30,,22,,41,,,,,,,,,,,,,
LAW122,ELTR3,5,,12,,16,,2,,17,,3,,,,,,,,,,,,,
LAW122,GLLE3,4,,11,,17,,1,,0,,2,,,,,,,,,,,,,
LAW122,ATTO,2,,9,,8,,3,,1,,1,,,,,,,,,,,,,
LAW122,BAHY,1,,0,,8,,0,,7,,3,,,,,,,,,,,,,
LAW122,CHMAC,0,,0,,0,,0,,15,,3,,,,,,,,,,,,,
LAW122,SPAI,5,,0,,0,,8,,0,,4,,,,,,,,,,,,,
LAW122,ERNA10,0,,0,,8,,5,,1,,1,,,,,,,,,,,,,
LAW122,JUBA,0,,0,,0,,3,,8,,2,,,,,,,,,,,,,
LAW122,JUME4,0,,0,,0,,3,,7,,1,,,,,,,,,,,,,
LAW122,CRRUH,0,,0,,0,,0,,0,,4,,,,,,,,,,,,,
LAW122,HEAN3,0,,0,,0,,0,,0,,4,,,,,,,,,,,,,
LAW122,LACO13,3,,0,,0,,0,,0,,0,,,,,,,,,,,,,
LAW122,ATPR,0,,0,,0,,0,,0,,2,,,,,,,,,,,,,
LAW122,NIOC2,0,,0,,1,,1,,0,,0,,,,,,,,,,,,,
LAW122,ANCA10,0,,0,,0,,0,,1,,0,,,,,,,,,,,,,
LAW122,LASE,1,,0,,0,,0,,0,,0,,,,,,,,,,,,,
LAW122,LELA2,1,,0,,0,,0,,0,,0,,,,,,,,,,,,,
LAW122,PYRA,0,,0,,0,,0,,0,,0,,,,,,,,,,,,,
LAW137,ATTO,0,,13,,11,,4,,6,,11,,15,,1,,0,,5,,,,,
LAW137,ATPO,10,,0,,7,,8,,18,,0,,0,,0,,0,,0,,,,,
LAW137,ERNA10,0,,5,,4,,0,,0,,2,,1,,0,,3,,1,,,,,
LAW137,SPAI,0,,6,,2,,0,,0,,0,,0,,2,,0,,0,,,,,
LAW137,GLLE3,0,,0,,8,,0,,0,,0,,0,,0,,0,,0,,,,,
LAW137,ARLU,0,,0,,0,,0,,0,,0,,7,,0,,0,,0,,,,,
LAW137,ARTRT,0,,0,,0,,0,,0,,0,,0,,2,,0,,0,,,,,
LAW137,DISP,0,,0,,2,,0,,0,,0,,0,,0,,0,,0,,,,,
LAW137,ROPS,0,,0,,0,,0,,2,,0,,0,,0,,0,,0,,,,,
LAW137,SAEX,0,,0,,2,,0,,0,,0,,0,,0,,0,,0,,,,,
LNP018,SAVE4,0,,3,,,,6,,0,,1,,,,,,,,,,,,,
LNP018,SPAI,5,,0,,,,5,,0,,0,,,,,,,,,,,,,
LNP018,DISP,0,,0,,,,4,,5,,0,,,,,,,,,,,,,
LNP018,ARTRT,4,,2,,,,0,,0,,0,,,,,,,,,,,,,
LNP018,ERNA10,1,,1,,,,2,,1,,1,,,,,,,,,,,,,
LNP018,ATTO,1,,4,,,,0,,0,,0,,,,,,,,,,,,,
LNP018,SUNI,0,,0,,,,2,,0,,2,,,,,,,,,,,,,
LNP018,ATPA3,1,,0,,,,0,,0,,2,,,,,,,,,,,,,
LNP018,ARCA6,0,,0,,,,1,,0,,0,,,,,,,,,,,,,
LNP018,ATCO,0,,1,,,,0,,0,,0,,,,,,,,,,,,,
LNP019,DISP,18,,8,,16,,7,,2,,0,,10,,11,,,,,,,,,
LNP019,ERNA10,5,,0,,8,,3,,7,,0,,11,,5,,,,,,,,,
LNP019,SAEX,8,,8,,7,,0,,0,,5,,3,,7,,,,,,,,,
LNP019,ATTO,7,,5,,5,,1,,0,,0,,1,,4,,,,,,,,,
LNP019,SPAI,3,,5,,0,,8,,0,,1,,3,,2,,,,,,,,,
LNP019,JUBA,2,,7,,1,,0,,0,,6,,5,,0,,,,,,,,,
LNP019,GLLE3,4,,10,,1,,0,,2,,0,,3,,0,,,,,,,,,
LNP019,ELTR3,0,,12,,1,,0,,0,,0,,1,,0,,,,,,,,,
LNP019,JUME4,0,,9,,0,,0,,0,,0,,1,,4,,,,,,,,,
LNP019,ARTRT,0,,0,,1,,0,,3,,6,,1,,0,,,,,,,,,
LNP019,ARLU,0,,0,,0,,0,,0,,6,,0,,1,,,,,,,,,
LNP019,SAVE4,0,,0,,0,,0,,5,,0,,2,,0,,,,,,,,,
LNP019,SUNI,0,,0,,0,,4,,3,,0,,0,,0,,,,,,,,,
LNP019,SAGO,5,,0,,0,,0,,0,,0,,0,,0,,,,,,,,,
LNP019,CADO2,0,,2,,0,,0,,0,,0,,2,,0,,,,,,,,,
LNP019,FOPU2,2,,0,,2,,0,,0,,0,,0,,0,,,,,,,,,
LNP019,CAPR5,0,,2,,0,,0,,0,,0,,1,,0,,,,,,,,,
LNP019,ATCO12,0,,0,,0,,2,,0,,0,,0,,0,,,,,,,,,
LNP019,ANCA10,0,,0,,0,,0,,0,,0,,1,,0,,,,,,,,,
LNP019,ARCA6,0,,0,,0,,1,,0,,0,,0,,0,,,,,,,,,
LNP019,ASFA,0,,0,,0,,0,,0,,1,,0,,0,,,,,,,,,
LNP019,BAHY,0,,0,,1,,0,,0,,0,,0,,0,,,,,,,,,
LNP019,MEAL2,0,,0,,0,,0,,0,,0,,1,,0,,,,,,,,,
LNP019,PSLU6,0,,0,,0,,0,,0,,0,,0,,1,,,,,,,,,
LNP019,CORA5,0,,0,,0,,0,,0,,0,,0,,0,,,,,,,,,
LNP045,ATTO,12,,7,,22,,18,,28,35,16,,,,,,,,,,,,,
LNP045,SPAI,5,,47,,1,,19,,3,0,8,,,,,,,,,,,,,
LNP045,GLLE3,11,,0,,4,,7,,7,0,4,,,,,,,,,,,,,
LNP045,SUNI,0,,0,,0,,0,,3,13,16,,,,,,,,,,,,,
LNP045,SAEX,0,,0,,0,,23,,0,0,0,,,,,,,,,,,,,
LNP045,SAVE4,0,,0,,0,,7,,7,0,0,,,,,,,,,,,,,
LNP045,ERNA10,3,,1,,2,,0,,3,0,4,,,,,,,,,,,,,
LNP045,DISP,5,,1,,0,,0,,1,0,0,,,,,,,,,,,,,
LNP045,JUBA,5,,0,,0,,0,,0,0,0,,,,,,,,,,,,,
LNP045,MALE3,4,,0,,0,,0,,0,0,0,,,,,,,,,,,,,
LNP045,ELPA3,0,,0,,0,,3,,0,0,0,,,,,,,,,,,,,
LNP045,ARLU,1,,0,,0,,0,,0,0,0,,,,,,,,,,,,,
LNP045,ASFA,0,,1,,0,,0,,0,0,0,,,,,,,,,,,,,
LNP045,HEAN3,1,,0,,0,,0,,0,0,0,,,,,,,,,,,,,
LNP045,SATR12,0,,1,,0,,0,,0,0,0,,,,,,,,,,,,,
LNP050,ATTO,16,,36,,37,,19,,45,,9,,28,,15,,32,,,,,,,
LNP050,ELPA3,0,,0,,0,,0,,0,,11,,32,,0,,0,,,,,,,
LNP050,DISP,20,,0,,20,,0,,0,,0,,0,,0,,1,,,,,,,
LNP050,GLLE3,5,,5,,10,,0,,0,,10,,1,,0,,5,,,,,,,
LNP050,MALE3,0,,0,,0,,0,,0,,31,,0,,0,,0,,,,,,,
LNP050,SPAI,1,,0,,1,,0,,4,,1,,7,,0,,5,,,,,,,
LNP050,SAVE4,0,,0,,0,,0,,0,,1,,0,,16,,0,,,,,,,
LNP050,JUBA,6,,0,,1,,0,,0,,5,,0,,0,,0,,,,,,,
LNP050,SUNI,0,,9,,0,,0,,0,,0,,0,,0,,0,,,,,,,
LNP050,ERNA10,1,,0,,0,,6,,0,,0,,0,,0,,0,,,,,,,
LNP050,MAVE2,0,,0,,0,,0,,0,,0,,2,,0,,0,,,,,,,
LNP050,BAHY,0,,0,,1,,0,,0,,0,,0,,0,,0,,,,,,,
LNP050,ELTR3,0,,0,,1,,0,,0,,0,,0,,0,,0,,,,,,,
LNP050,ROSI2,0,,0,,0,,0,,0,,0,,1,,0,,0,,,,,,,
LNP050,SALA3,1,,0,,0,,0,,0,,0,,0,,0,,0,,,,,,,
LNP050,TYPHA,0,,0,,0,,0,,0,,1,,0,,0,,0,,,,,,,
LNP095,SPAI,19,,6,,14,,21,,25,,0,,18,,20,,7,,,,,,,
LNP095,DISP,30,,19,,10,,12,,11,,0,,13,,1,,3,,,,,,,
LNP095,JUBA,3,,7,,2,,2,,8,,0,,14,,1,,1,,,,,,,
LNP095,ERNA10,0,,11,,5,,9,,2,,0,,5,,1,,0,,,,,,,
LNP095,MEAL2,0,,0,,0,,0,,15,,0,,0,,0,,0,,,,,,,
LNP095,SAVE4,0,,3,,0,,0,,1,,2,,0,,4,,1,,,,,,,
LNP095,NIOC2,6,,0,,0,,0,,0,,0,,0,,0,,0,,,,,,,
LNP095,POSEJ,0,,0,,3,,0,,1,,0,,2,,0,,0,,,,,,,
LNP095,ELCI2,0,,0,,3,,0,,1,,0,,0,,0,,0,,,,,,,
LNP095,SAEX,0,,3,,0,,0,,0,,0,,1,,0,,0,,,,,,,
LNP095,ANCA10,0,,0,,3,,0,,0,,0,,0,,0,,0,,,,,,,
LNP095,ASLE8,0,,0,,2,,0,,0,,0,,1,,0,,0,,,,,,,
LNP095,CIMO,0,,0,,2,,0,,1,,0,,0,,0,,0,,,,,,,
LNP095,FRCA12,0,,0,,0,,2,,0,,0,,0,,0,,0,,,,,,,
LNP095,GLLE3,0,,2,,0,,0,,0,,0,,0,,0,,0,,,,,,,
LNP095,JUME4,0,,0,,1,,0,,1,,0,,0,,0,,0,,,,,,,
LNP095,ROWO,0,,0,,0,,0,,0,,0,,2,,0,,0,,,,,,,
LNP095,SICO2,0,,0,,0,,0,,2,,0,,0,,0,,0,,,,,,,
LNP095,APCA,0,,0,,0,,0,,0,,0,,0,,1,,0,,,,,,,
LNP095,ARCA6,0,,0,,0,,0,,0,,0,,0,,0,,1,,,,,,,
LNP095,ARTRT,0,,0,,0,,0,,0,,1,,0,,0,,0,,,,,,,
LNP095,ATCO,0,,0,,0,,0,,0,,1,,0,,0,,0,,,,,,,
LNP095,CLBR2,0,,0,,0,,0,,0,,0,,1,,0,,0,,,,,,,
LNP095,TEGL,0,,0,,0,,0,,0,,1,,0,,0,,0,,,,,,,
MAN006,SPAI,4,,27,,,,25,,22,,27,,,,,,,,,,,,,
MAN006,DISP,3,,7,,,,14,,11,,1,,,,,,,,,,,,,
MAN006,ATTO,9,,5,,,,0,,0,,1,,,,,,,,,,,,,
MAN006,ERNA10,0,,8,,,,3,,2,,0,,,,,,,,,,,,,
MAN006,SAVE4,0,,0,,,,0,,1,,8,,,,,,,,,,,,,
MAN006,GLLE3,0,,6,,,,0,,0,,0,,,,,,,,,,,,,
MAN006,SUNI,0,,0,,,,0,,1,,3,,,,,,,,,,,,,
MAN006,ATCO,0,,0,,,,0,,0,,1,,,,,,,,,,,,,
MAN007,ATTO,4,,4,,6,,17,,16,,10,,26,,8,,4,,12,,25,,,
MAN007,ERNA10,14,,6,,15,,2,,0,,4,,0,,0,,0,,1,,1,,,
MAN007,SPAI,7,,13,,4,,0,,0,,5,,0,,0,,0,,4,,0,,,
MAN007,GLLE3,2,,0,,2,,5,,0,,0,,0,,0,,2,,5,,0,,,
MAN007,SUNI,0,,0,,0,,0,,9,,0,,0,,0,,0,,1,,0,,,
MAN007,LACO13,0,,0,,0,,0,,0,,0,,0,,0,,0,,0,,8,,,
MAN007,ARTRT,0,,0,,0,,0,,0,,0,,0,,0,,6,,0,,0,,,
MAN007,STEPH,1,,0,,1,,0,,0,,3,,0,,0,,0,,0,,0,,,
MAN007,ROWO,0,,0,,0,,2,,0,,0,,0,,0,,0,,0,,0,,,
MAN007,SAVE4,0,,0,,0,,0,,0,,0,,0,,0,,0,,2,,0,,,
MAN007,SAEX,0,,0,,1,,0,,0,,0,,0,,0,,0,,0,,0,,,
MAN007,SALA3,0,,0,,0,,1,,0,,0,,0,,0,,0,,0,,0,,,
MAN007,ERMA2,0,,0,,0,,0,,0,,0,,0,,0,,0,,0,,0,,,
MAN007,ERSP3,0,,0,,0,,0,,0,,0,,0,,0,,0,,0,,0,,,
MAN014,ATTO,1,,12,,5,,8,9,,,,,,,,,,,,,,,,
MAN014,DISP,3,,2,,11,,2,10,,,,,,,,,,,,,,,,
MAN014,SUNI,0,,0,,12,,0,6,,,,,,,,,,,,,,,,
MAN014,SAVE4,8,,0,,2,,0,0,,,,,,,,,,,,,,,,
MAN014,SPAI,0,,4,,2,,1,1,,,,,,,,,,,,,,,,
MAN014,ERNA10,0,,3,,1,,3,0,,,,,,,,,,,,,,,,
MAN014,ATCO,0,,0,,0,,6,0,,,,,,,,,,,,,,,,
MAN014,ATPA3,1,,0,,0,,,,,,,,,,,,,,,,,,,
MAN034,DISP,0,,15,,26,,1,11,16,,,,,,,,,,,,,,,
MAN034,SPAI,7,,2,,9,,9,3,18,,,,,,,,,,,,,,,
MAN034,JUBA,0,,0,,0,,0,0,10,,,,,,,,,,,,,,,
MAN034,SAVE4,0,,0,,1,,3,5,0,,,,,,,,,,,,,,,
MAN034,SUNI,0,,0,,0,,6,2,0,,,,,,,,,,,,,,,
MAN034,ATPA3,0,,4,,1,,0,0,0,,,,,,,,,,,,,,,
MAN034,ERNA10,2,,1,,0,,0,2,0,,,,,,,,,,,,,,,
MAN034,ATTO,0,,2,,0,,1,0,0,,,,,,,,,,,,,,,
MAN034,ATCO,1,,0,,0,,1,0,0,,,,,,,,,,,,,,,
MAN034,NIOC2,0,,0,,0,,0,0,1,,,,,,,,,,,,,,,
MAN037,ATTO,7,,42,,39,,17,,28,,23,,6,,,,,,,,,,,
MAN037,SUNI,26,,0,,0,,0,,0,,0,,0,,,,,,,,,,,
MAN037,ROWO,0,,0,,0,,17,,0,,0,,0,,,,,,,,,,,
MAN037,SAEX,0,,0,,0,,0,,0,,0,,15,,,,,,,,,,,
MAN037,GLLE3,0,,0,,0,,3,,0,,2,,8,,,,,,,,,,,
MAN037,ARTRT,0,,0,,0,,0,,0,,0,,12,,,,,,,,,,,
MAN037,SPAI,1,,0,,0,,0,,0,,3,,8,,,,,,,,,,,
MAN037,ERNA10,0,,0,,0,,0,,0,,6,,3,,,,,,,,,,,
MAN037,DISP,0,,0,,0,,0,,0,,8,,0,,,,,,,,,,,
MAN037,MALE3,0,,0,,0,,2,,0,,5,,0,,,,,,,,,,,
MAN037,JUBA,0,,0,,0,,0,,0,,2,,0,,,,,,,,,,,
MAN038,ATTO,0,16,10,0,0,0,28,13,26,0,16,5,1,0,0,18,5,7,13,8,0,8,15,14
MAN038,SPAI,7,4,0,3,9,0,8,1,0,0,0,0,1,0,6,13,25,19,27,27,16,19,13,4
MAN038,DISP,5,1,0,5,2,0,7,0,2,0,0,0,19,11,6,2,12,5,0,2,9,0,1,9
MAN038,ERNA10,0,4,1,0,3,0,0,1,0,0,0,1,0,2,8,5,7,3,17,1,1,6,4,3
MAN038,ARTRT,0,0,0,0,0,22,0,0,0,17,0,11,0,0,0,0,0,0,0,0,0,0,1,0
MAN038,SAEX,0,0,0,0,0,0,0,19,1,1,4,3,8,0,0,0,0,0,0,0,0,0,0,0
MAN038,JUBA,7,0,0,0,0,0,0,0,0,0,0,0,1,0,7,2,2,1,5,0,0,1,0,0
MAN038,SAVE4,0,5,10,0,1,0,0,0,0,0,0,0,3,0,0,0,0,0,0,0,1,0,0,0
MAN038,GLLE3,0,0,3,0,0,0,8,0,0,0,0,0,0,0,0,1,1,0,1,1,0,4,0,0
MAN038,SUNI,0,5,1,0,1,0,0,0,0,0,0,0,0,0,0,0,0,0,0,0,3,0,0,0
MAN038,HECU3,0,0,0,0,0,0,0,0,0,0,5,0,0,1,0,0,0,0,0,0,0,0,0,0
MAN038,MALE3,0,0,0,0,0,0,0,0,0,0,0,0,0,6,0,0,0,0,0,0,0,0,0,0
MAN038,STEPH,0,0,0,0,0,0,0,0,0,0,0,0,0,0,0,0,1,1,0,0,2,0,0,0
MAN038,ATPO,0,0,0,0,0,0,0,0,0,0,0,3,0,0,0,0,0,0,0,0,0,0,0,0
MAN038,TARA,0,0,0,0,0,0,0,0,0,2,0,0,0,0,1,0,0,0,0,0,0,0,0,0
MAN038,ELCI2,0,0,0,0,0,0,0,0,0,0,0,0,0,0,0,0,0,1,0,0,1,0,0,0
MAN038,ARCA6,0,0,0,0,0,0,0,0,0,0,0,0,0,0,0,0,0,0,0,0,1,0,0,0
MAN038,ATPA3,0,0,0,0,0,0,0,0,0,0,0,0,0,0,0,0,0,0,0,0,1,0,0,0
MAN038,JUME4,0,0,0,0,0,0,0,0,0,0,0,0,0,0,0,0,0,0,0,0,1,0,0,0
MAN038,POBI7,0,0,0,0,0,0,0,0,0,0,0,0,0,0,1,0,0,0,0,0,0,0,0,0
MAN038,ROWO,0,0,0,0,0,0,0,0,0,0,0,0,0,0,0,0,0,0,0,0,0,0,0,1
MAN038,SALA3,0,0,0,0,0,0,0,0,0,0,0,0,0,0,0,0,0,0,0,0,0,1,0,0
MAN042,SAEX,0,,0,,14,,32,,0,,0,,0,,0,,,,,,,,,
MAN042,ARTRT,5,,6,,0,,5,,0,,9,,0,,20,,,,,,,,,
MAN042,FOPU2,0,,0,,21,,2,,0,,0,,0,,0,,,,,,,,,
MAN042,ERNA10,2,,8,,8,,2,,0,,0,,0,,2,,,,,,,,,
MAN042,ATTO,0,,0,,0,,0,,0,,0,,21,,0,,,,,,,,,
MAN042,ATSE2,4,,0,,1,,2,,0,,0,,0,,0,,,,,,,,,
MAN042,SATR12,5,,1,,0,,0,,0,,0,,0,,0,,,,,,,,,
MAN042,ATPO,1,,0,,0,,0,,0,,0,,3,,0,,,,,,,,,
MAN042,ATCA2,0,,0,,0,,0,,0,,2,,0,,0,,,,,,,,,
MAN042,ASFA,0,,0,,0,,1,,0,,0,,0,,0,,,,,,,,,
MAN042,GRSP,0,,1,,0,,0,,0,,0,,0,,0,,,,,,,,,
MAN042,ATCO,0,,0,,0,,0,,0,,0,,0,,0,,,,,,,,,
MAN042,CRCI2,0,,0,,0,,0,,0,,0,,0,,0,,,,,,,,,
MAN042,SALA3,0,,0,,0,,0,,0,,0,,0,,0,,,,,,,,,
MAN060,DISP,1,,19,,17,33,32,29,,,,,,,,,,,,,,,,
MAN060,ANCA10,42,,17,,7,14,14,32,,,,,,,,,,,,,,,,
MAN060,SPAI,0,,28,,0,20,14,4,,,,,,,,,,,,,,,,
MAN060,CAREX,0,,0,,27,0,0,0,,,,,,,,,,,,,,,,
MAN060,NIOC2,1,,2,,16,2,5,1,,,,,,,,,,,,,,,,
MAN060,ELTR3,9,,4,,1,1,0,0,,,,,,,,,,,,,,,,
MAN060,ERNA10,0,,6,,0,5,2,0,,,,,,,,,,,,,,,,
MAN060,FOPU2,13,,0,,0,0,0,0,,,,,,,,,,,,,,,,
MAN060,GLLE3,1,,4,,0,7,1,0,,,,,,,,,,,,,,,,
MAN060,CAPR5,1,,0,,10,0,1,0,,,,,,,,,,,,,,,,
MAN060,ATTO,0,,9,,0,1,0,0,,,,,,,,,,,,,,,,
MAN060,JUME4,2,,0,,4,0,1,2,,,,,,,,,,,,,,,,
MAN060,POFR2,8,,0,,0,0,0,0,,,,,,,,,,,,,,,,
MAN060,ROWO,2,,2,,0,0,0,0,,,,,,,,,,,,,,,,
MAN060,PYRA,1,,0,,0,0,1,0,,,,,,,,,,,,,,,,
MAN060,ATCO12,0,,0,,0,0,1,0,,,,,,,,,,,,,,,,
MAN060,CHMAC,0,,0,,0,1,0,0,,,,,,,,,,,,,,,,
PLC007,ARTRT,0,,0,,0,,5,,0,,0,,0,,0,,0,,,,,,,
PLC007,ATTO,0,,22,,25,,7,,1,,16,,3,,0,,28,,,,,,,
PLC007,ERNA10,7,,6,,6,,1,,4,,6,,2,,8,,0,,,,,,,
PLC007,SAEX,0,,0,,1,,0,,0,,0,,19,,10,,0,,,,,,,
PLC007,DISP,0,,0,,1,,0,,0,,0,,0,,11,,0,,,,,,,
PLC007,ROWO,0,,0,,0,,0,,0,,0,,0,,10,,1,,,,,,,
PLC007,ATCA2,0,,0,,0,,0,,7,,3,,0,,0,,0,,,,,,,
PLC007,GLLE3,0,,0,,0,,0,,0,,0,,1,,5,,0,,,,,,,
PLC007,ELTR3,0,,0,,0,,0,,0,,0,,0,,4,,0,,,,,,,
PLC007,SATR12,4,,0,,0,,0,,0,,0,,0,,0,,0,,,,,,,
PLC007,ERBA7,0,,0,,0,,0,,1,,0,,0,,0,,0,,,,,,,
PLC007,LEAP7,0,,0,,0,,0,,0,,0,,0,,1,,0,,,,,,,
PLC007,PHAU7,0,,0,,0,,0,,0,,0,,0,,1,,0,,,,,,,
PLC007,STEPH,0,,0,,0,,1,,0,,0,,0,,0,,0,,,,,,,
PLC024,SPAI,13,,1,,6,,11,,,,,,,,,,,,,,,,,
PLC024,DISP,3,,9,,7,,2,,,,,,,,,,,,,,,,,
PLC024,ERNA10,14,,1,,1,,3,,,,,,,,,,,,,,,,,
PLC024,ATTO,11,,4,,0,,0,,,,,,,,,,,,,,,,,
PLC024,ELTR3,0,,0,,10,,0,,,,,,,,,,,,,,,,,
PLC024,GLLE3,2,,0,,8,,0,,,,,,,,,,,,,,,,,
PLC024,HEAN3,0,,0,,7,,0,,,,,,,,,,,,,,,,,
PLC024,JUBA,0,,6,,0,,0,,,,,,,,,,,,,,,,,
PLC024,CAREX,0,,0,,5,,0,,,,,,,,,,,,,,,,,
PLC024,ARCA6,1,,0,,0,,1,,,,,,,,,,,,,,,,,
PLC024,CIMO,0,,0,,2,,0,,,,,,,,,,,,,,,,,
PLC024,ELCI2,0,,0,,0,,2,,,,,,,,,,,,,,,,,
PLC024,CALI4,0,,0,,0,,1,,,,,,,,,,,,,,,,,
PLC024,IRMI,0,,0,,1,,0,,,,,,,,,,,,,,,,,
PLC028,DISP,0,,0,,1,,0,,41,,0,,2,,14,,0,,,,,,,
PLC028,ATTO,5,,23,,16,,3,,4,,0,,4,,1,,0,,,,,,,
PLC028,POFR2,5,,0,,0,,0,,3,,21,,0,,15,,0,,,,,,,
PLC028,SALA3,0,,0,,0,,0,,0,,27,,0,,0,,0,,,,,,,
PLC028,ELTR3,0,,0,,0,,0,,16,,5,,0,,0,,0,,,,,,,
PLC028,ERNA10,0,,0,,3,,1,,1,,0,,1,,0,,2,,,,,,,
PLC028,JUBA,0,,0,,0,,0,,4,,3,,0,,0,,0,,,,,,,
PLC028,GLLE3,0,,0,,0,,0,,4,,2,,0,,0,,0,,,,,,,
PLC028,ATCA2,0,,0,,0,,4,,0,,0,,0,,0,,0,,,,,,,
PLC028,LEAP7,1,,0,,0,,0,,0,,0,,0,,3,,0,,,,,,,
PLC028,ANCA10,0,,0,,0,,0,,3,,0,,0,,0,,0,,,,,,,
PLC028,MEAL2,0,,0,,0,,0,,1,,2,,0,,0,,0,,,,,,,
PLC028,SAEX,0,,0,,0,,0,,0,,0,,0,,0,,3,,,,,,,
PLC028,JUME4,0,,0,,0,,0,,0,,2,,0,,0,,0,,,,,,,
PLC028,SPAI,0,,0,,0,,0,,0,,0,,2,,0,,0,,,,,,,
PLC028,HEAN3,0,,0,,0,,0,,1,,0,,0,,0,,0,,,,,,,
PLC028,LELA2,0,,0,,1,,0,,0,,0,,0,,0,,0,,,,,,,
PLC028,HECU3,0,,0,,0,,0,,0,,0,,0,,0,,0,,,,,,,
PLC028,SATR12,0,,0,,0,,0,,0,,0,,0,,0,,0,,,,,,,
PLC056,ERNA10,11,,10,,6,,1,,0,,3,,4,,3,,,,,,,,,
PLC056,ARTRT,0,,0,,0,,0,,7,,8,,3,,2,,,,,,,,,
PLC056,DISP,0,,6,,3,,0,,2,,3,,1,,3,,,,,,,,,
PLC056,SPAI,2,,0,,4,,0,,1,,3,,3,,0,,,,,,,,,
PLC056,ATTO,1,,1,,0,,6,,0,,2,,0,,2,,,,,,,,,
PLC056,ELCI2,0,,1,,1,,0,,0,,0,,0,,0,,,,,,,,,
PLC056,STEPH,0,,0,,0,,1,,0,,0,,0,,0,,,,,,,,,
PLC056,ELTR3,0,,0,,0,,0,,0,,0,,0,,0,,,,,,,,,
PLC056,JUBA,0,,0,,0,,0,,0,,0,,0,,0,,,,,,,,,
PLC056,PHAU7,0,,0,,0,,0,,0,,0,,0,,0,,,,,,,,,
PLC056,SAVE4,0,,0,,0,,0,,0,,0,,0,,0,,,,,,,,,
PLC059,ATTO,3,,6,,1,,5,,14,,0,,3,,10,,,,,,,,,
PLC059,DISP,6,,0,,0,,10,,0,,1,,0,,4,,,,,,,,,
PLC059,SPAI,5,,1,,2,,3,,0,,7,,0,,3,,,,,,,,,
PLC059,ERNA10,3,,1,,0,,0,,0,,1,,3,,3,,,,,,,,,
PLC059,ARTRT,0,,0,,6,,0,,0,,1,,2,,0,,,,,,,,,
PLC059,GLLE3,0,,0,,0,,0,,0,,0,,0,,8,,,,,,,,,
PLC059,JUBA,0,,0,,0,,4,,0,,2,,0,,0,,,,,,,,,
PLC059,SAVE4,0,,0,,0,,0,,0,,4,,0,,0,,,,,,,,,
PLC059,ATCO,0,,2,,0,,0,,0,,0,,0,,0,,,,,,,,,
PLC059,ELTR3,0,,0,,0,,0,,0,,0,,1,,0,,,,,,,,,
PLC059,ROWO,0,,0,,0,,0,,0,,0,,0,,0,,,,,,,,,
PLC070,ATTO,21,,37,,10,,1,,14,,16,,,,,,,,,,,,,
PLC070,SPAI,0,,0,,7,,16,,1,,1,,,,,,,,,,,,,
PLC070,SAVE4,8,,1,,6,,2,,6,,0,,,,,,,,,,,,,
PLC070,ELTR3,0,,0,,0,,10,,3,,0,,,,,,,,,,,,,
PLC070,DISP,0,,0,,3,,4,,3,,0,,,,,,,,,,,,,
PLC070,ERNA10,0,,0,,1,,4,,1,,0,,,,,,,,,,,,,
PLC070,JUBA,0,,0,,0,,6,,0,,0,,,,,,,,,,,,,
PLC070,ERBA7,0,,0,,0,,0,,0,,1,,,,,,,,,,,,,
PLC070,JUME4,0,,0,,0,,1,,0,,0,,,,,,,,,,,,,
PLC070,IVAX,0,,0,,0,,0,,0,,0,,,,,,,,,,,,,
PLC070,SATR12,0,,0,,0,,0,,0,,0,,,,,,,,,,,,,
PLC072,ERNA10,3,,16,,12,,0,,16,,8,,,,,,,,,,,,,
PLC072,ATTO,0,,4,,0,,26,,0,,0,,,,,,,,,,,,,
PLC072,ARTRT,15,,0,,0,,0,,0,,0,,,,,,,,,,,,,
PLC072,ATCA2,0,,0,,5,,0,,0,,0,,,,,,,,,,,,,
PLC072,SPAI,0,,0,,0,,0,,1,,0,,,,,,,,,,,,,
PLC088,DISP,0,,2,,3,,2,,1,,4,,7,,25,,,,,,,,,
PLC088,ERNA10,6,,5,,2,,4,,3,,3,,1,,0,,,,,,,,,
PLC088,CAREX,0,,0,,0,,0,,0,,18,,1,,3,,,,,,,,,
PLC088,SPAI,0,,3,,0,,3,,1,,2,,3,,0,,,,,,,,,
PLC088,ATTO,9,,2,,0,,0,,0,,0,,0,,0,,,,,,,,,
PLC088,CYDA,0,,0,,0,,0,,0,,3,,7,,0,,,,,,,,,
PLC088,JUBA,0,,0,,0,,0,,0,,1,,3,,6,,,,,,,,,
PLC088,LEAP7,0,,0,,0,,0,,0,,0,,0,,5,,,,,,,,,
PLC088,JUME4,0,,0,,0,,0,,0,,3,,0,,1,,,,,,,,,
PLC088,LOCO6,0,,0,,0,,0,,0,,3,,0,,0,,,,,,,,,
PLC088,PYRA,0,,0,,0,,0,,0,,0,,0,,1,,,,,,,,,
PLC092,ERNA10,3,,2,,1,,3,,2,,2,,1,,3,,,,,,,,,
PLC092,ATCA2,0,,0,,0,,2,,0,,0,,3,,0,,,,,,,,,
PLC092,ARTRT,3,,0,,0,,0,,0,,0,,1,,0,,,,,,,,,
PLC092,ATTO,0,,0,,2,,0,,2,,0,,0,,0,,,,,,,,,
PLC092,SPAI,1,,1,,0,,0,,0,,0,,0,,1,,,,,,,,,
PLC092,DISP,1,,1,,0,,0,,0,,0,,0,,0,,,,,,,,,
PLC092,EPNE,0,,0,,0,,0,,0,,0,,0,,2,,,,,,,,,
PLC092,STEPH,0,,0,,0,,0,,0,,0,,1,,0,,,,,,,,,
PLC092,SATR12,0,,0,,0,,0,,0,,0,,0,,0,,,,,,,,,
PLC097,SPAI,10,,23,,7,,8,17,,,,,,,,,,,,,,,,
PLC097,DISP,8,,7,,8,,7,10,,,,,,,,,,,,,,,,
PLC097,ERNA10,8,,5,,7,,4,3,,,,,,,,,,,,,,,,
PLC097,ELTR3,0,,11,,1,,0,7,,,,,,,,,,,,,,,,
PLC097,JUBA,2,,3,,0,,0,4,,,,,,,,,,,,,,,,
PLC097,ASLE8,0,,0,,4,,0,0,,,,,,,,,,,,,,,,
PLC097,CAREX,0,,3,,0,,0,1,,,,,,,,,,,,,,,,
PLC097,MUAS,2,,0,,0,,0,1,,,,,,,,,,,,,,,,
PLC097,ASFA,0,,2,,0,,0,0,,,,,,,,,,,,,,,,
PLC097,ATTO,0,,0,,1,,0,1,,,,,,,,,,,,,,,,
PLC097,JUME4,0,,1,,0,,0,1,,,,,,,,,,,,,,,,
PLC097,LOCO6,0,,1,,0,,0,1,,,,,,,,,,,,,,,,
PLC097,ELCI2,0,,0,,0,,0,0,,,,,,,,,,,,,,,,
PLC097,LELA2,0,,0,,0,,0,0,,,,,,,,,,,,,,,,
PLC097,NIOC2,0,,0,,0,,0,0,,,,,,,,,,,,,,,,
PLC106,ATTO,16,,6,,0,,11,0,,,,,,,,,,,,,,,,
PLC106,ERNA10,10,,0,,0,,0,2,,,,,,,,,,,,,,,,
PLC106,ARTRT,0,,0,,4,,4,0,,,,,,,,,,,,,,,,
PLC106,SAVE4,0,,5,,0,,0,2,,,,,,,,,,,,,,,,
PLC106,TEAX,0,,0,,5,,0,0,,,,,,,,,,,,,,,,
PLC106,GLLE3,1,,0,,0,,3,0,,,,,,,,,,,,,,,,
PLC106,SPAI,0,,3,,0,,0,1,,,,,,,,,,,,,,,,
PLC106,ATCA2,0,,0,,3,,0,0,,,,,,,,,,,,,,,,
PLC106,PSPO,0,,0,,1,,0,0,,,,,,,,,,,,,,,,
PLC107,ATTO,3,,7,,23,0,,,,,,,,,,,,,,,,,,
PLC107,ERNA10,8,,10,,2,4,,,,,,,,,,,,,,,,,,
PLC107,SPAI,0,,0,,0,10,,,,,,,,,,,,,,,,,,
PLC107,DISP,1,,0,,0,3,,,,,,,,,,,,,,,,,,
PLC121,DISP,16,,1,,15,,8,,6,,33,,5,,,,,,,,,,,
PLC121,SPAI,8,,8,,4,,9,,7,,0,,2,,,,,,,,,,,
PLC121,ERNA10,0,,3,,5,,5,,5,,0,,1,,,,,,,,,,,
PLC121,GLLE3,0,,1,,0,,2,,7,,4,,0,,,,,,,,,,,
PLC121,ELTR3,0,,0,,0,,1,,3,,4,,0,,,,,,,,,,,
PLC121,ARCA6,0,,2,,0,,1,,0,,0,,2,,,,,,,,,,,
PLC121,JUME4,0,,0,,1,,0,,4,,0,,0,,,,,,,,,,,
PLC121,ATTO,1,,0,,2,,0,,0,,0,,1,,,,,,,,,,,
PLC121,JUBA,0,,0,,2,,1,,1,,0,,0,,,,,,,,,,,
PLC121,LOCO6,0,,0,,0,,0,,4,,0,,0,,,,,,,,,,,
PLC121,SAVE4,1,,0,,0,,1,,2,,0,,0,,,,,,,,,,,
PLC121,CAREX,0,,0,,0,,0,,1,,2,,0,,,,,,,,,,,
PLC121,ELCI2,0,,2,,0,,0,,0,,0,,1,,,,,,,,,,,
PLC121,HEAN3,0,,0,,0,,0,,2,,0,,0,,,,,,,,,,,
PLC121,ASLE8,0,,1,,0,,0,,0,,0,,0,,,,,,,,,,,
PLC121,CAPR5,0,,0,,0,,0,,0,,1,,0,,,,,,,,,,,
PLC121,PYRA,0,,0,,1,,0,,0,,0,,0,,,,,,,,,,,
PLC136,ARTRT,3,,13,,8,,9,,6,,0,,0,,0,,,,,,,,,
PLC136,DISP,5,,0,,5,,0,,1,,4,,7,,11,,,,,,,,,
PLC136,ERNA10,2,,1,,8,,0,,1,,0,,0,,4,,,,,,,,,
PLC136,SPAI,2,,3,,2,,0,,0,,2,,3,,0,,,,,,,,,
PLC136,SAVE4,3,,0,,0,,0,,0,,6,,0,,0,,,,,,,,,
PLC136,ATTO,0,,4,,0,,0,,0,,0,,0,,0,,,,,,,,,
PLC136,STEPH,0,,0,,0,,1,,1,,0,,2,,0,,,,,,,,,
PLC136,ASLE8,0,,0,,0,,0,,0,,0,,0,,2,,,,,,,,,
PLC136,ELTR3,0,,0,,0,,0,,0,,0,,0,,2,,,,,,,,,
PLC136,JUME4,0,,0,,0,,0,,0,,0,,2,,0,,,,,,,,,
PLC136,ATCO,0,,0,,0,,0,,0,,0,,0,,1,,,,,,,,,
PLC136,JUBA,0,,0,,1,,0,,0,,0,,0,,0,,,,,,,,,
PLC137,DISP,2,,6,,10,,5,,10,,24,,24,,26,,,,,,,,,
PLC137,ERNA10,1,,12,,10,,18,,2,,1,,1,,15,,,,,,,,,
PLC137,ATTO,0,,3,,8,,1,,2,,2,,1,,9,,,,,,,,,
PLC137,SPAI,1,,0,,0,,1,,8,,9,,0,,0,,,,,,,,,
PLC137,ANCA10,0,,0,,0,,0,,0,,12,,0,,5,,,,,,,,,
PLC137,ARTRT,9,,0,,0,,0,,1,,0,,0,,0,,,,,,,,,
PLC137,GLLE3,0,,0,,0,,4,,0,,0,,0,,0,,,,,,,,,
PLC137,ELTR3,0,,0,,0,,3,,0,,0,,0,,0,,,,,,,,,
PLC137,JUBA,0,,3,,0,,0,,0,,0,,0,,0,,,,,,,,,
PLC137,ASLE8,1,,0,,0,,0,,0,,0,,0,,0,,,,,,,,,
PLC144,SPAI,0,,4,,3,,8,,5,,4,,19,,4,,,,,,,,,
PLC144,DISP,0,,4,,9,,6,,0,,2,,4,,10,,,,,,,,,
PLC144,ERNA10,5,,6,,0,,3,,4,,8,,2,,0,,,,,,,,,
PLC144,ARTRT,9,,0,,0,,0,,0,,0,,0,,0,,,,,,,,,
PLC144,ASLE8,0,,0,,0,,3,,3,,2,,0,,0,,,,,,,,,
PLC144,ELCI2,0,,0,,0,,3,,3,,1,,1,,0,,,,,,,,,
PLC144,JUBA,0,,2,,2,,0,,0,,0,,0,,2,,,,,,,,,
PLC144,CALI4,0,,0,,0,,0,,2,,2,,0,,0,,,,,,,,,
PLC144,JUME4,0,,2,,1,,0,,0,,0,,0,,0,,,,,,,,,
PLC144,ATTO,0,,0,,1,,0,,1,,0,,0,,0,,,,,,,,,
PLC144,CAREX,0,,0,,1,,0,,0,,0,,0,,0,,,,,,,,,
PLC144,CIMO,0,,0,,0,,0,,0,,0,,1,,0,,,,,,,,,
PLC144,ELTR3,0,,0,,0,,1,,0,,0,,0,,0,,,,,,,,,
PLC144,PYRA,0,,0,,0,,0,,0,,0,,0,,1,,,,,,,,,
PLC223,ATTO,0,,1,,0,,4,,3,,1,,9,,16,,,,,,,,,
PLC223,ERNA10,4,,4,,8,,2,,0,,3,,10,,0,,,,,,,,,
PLC223,SAVE4,2,,6,,0,,6,,1,,6,,0,,0,,,,,,,,,
PLC223,SPAI,1,,0,,9,,1,,0,,1,,1,,0,,,,,,,,,
PLC223,GLLE3,0,,0,,2,,0,,0,,0,,0,,0,,,,,,,,,
PLC223,DISP,0,,0,,0,,0,,0,,0,,1,,0,,,,,,,,,
PLC223,STEPH,0,,1,,0,,0,,0,,0,,0,,0,,,,,,,,,
PLC223,SATR12,0,,0,,0,,0,,0,,0,,0,,0,,,,,,,,,
TIN006,SAVE4,9,9,2,0,0,6,12,9,3,5,7,7,3,1,7,,,,,,,,,
TIN006,SPAI,0,2,1,13,12,5,5,2,6,3,3,3,2,5,1,,,,,,,,,
TIN006,DISP,2,2,0,1,3,0,1,0,2,0,0,2,1,1,1,,,,,,,,,
TIN006,ERNA10,2,0,0,2,4,0,3,0,0,0,0,0,0,0,0,,,,,,,,,
TIN006,ATPA3,1,0,0,0,1,0,0,2,0,1,0,0,0,0,2,,,,,,,,,
TIN006,ATCO,0,1,0,0,2,0,0,0,1,0,0,0,1,0,1,,,,,,,,,
TIN006,ELCI2,0,0,0,0,0,5,0,0,0,0,0,0,0,0,0,,,,,,,,,
TIN006,ARTRT,0,0,0,0,0,0,0,0,0,0,0,0,2,0,0,,,,,,,,,
TIN006,ATTO,0,0,0,1,0,0,0,0,0,0,0,0,0,0,0,,,,,,,,,
TIN006,JUBA,0,0,0,1,0,0,0,0,0,0,0,0,0,0,0,,,,,,,,,
TIN006,SUNI,0,0,0,0,0,0,0,1,0,0,0,0,0,0,0,,,,,,,,,
TIN028,SAVE4,5,,3,,0,,4,,6,,0,,5,,12,,,,,,,,,
TIN028,ATTO,0,,0,,8,,0,,2,,3,,1,,2,,,,,,,,,
TIN028,ERNA10,0,,0,,4,,0,,1,,1,,0,,0,,,,,,,,,
TIN028,SUNI,0,,4,,0,,1,,0,,1,,0,,0,,,,,,,,,
TIN028,ATCO,0,,1,,0,,0,,0,,0,,0,,0,,,,,,,,,
TIN028,DISP,0,,0,,0,,0,,0,,1,,0,,0,,,,,,,,,
TIN028,ELCI2,0,,0,,0,,0,,0,,1,,0,,0,,,,,,,,,
TIN030,ATTO,13,,15,,20,,6,,5,,0,,0,,1,,1,,0,,10,,4,
TIN030,SPAI,0,,0,,2,,3,,2,,0,,8,,9,,19,,5,,0,,6,
TIN030,ERNA10,4,,0,,0,,0,,2,,9,,1,,1,,4,,8,,15,,9,
TIN030,DISP,0,,0,,0,,0,,0,,0,,0,,0,,0,,0,,22,,26,
TIN030,ARTRT,0,,1,,0,,0,,0,,17,,27,,0,,0,,0,,0,,0,
TIN030,SAEX,0,,0,,0,,0,,17,,0,,0,,0,,0,,17,,0,,0,
TIN030,GLLE3,5,,0,,0,,0,,0,,1,,4,,0,,11,,11,,0,,0,
TIN030,SAVE4,13,,0,,0,,0,,0,,0,,0,,8,,5,,0,,0,,0,
TIN030,ELTR3,0,,0,,0,,0,,0,,0,,0,,0,,0,,6,,5,,4,
TIN030,SATR12,0,,2,,0,,0,,1,,0,,0,,0,,0,,0,,0,,0,
TIN030,MALE3,0,,0,,0,,0,,0,,0,,0,,0,,0,,0,,2,,0,
TIN030,ROWO,0,,0,,0,,0,,0,,0,,0,,0,,0,,2,,0,,0,
TIN030,ELCI2,0,,0,,0,,0,,0,,0,,0,,0,,1,,0,,0,,0,
TIN030,ARTRP2,0,,0,,0,,0,,0,,0,,0,,0,,0,,0,,0,,0,
TIN050,ERNA10,1,,2,,0,,16,,9,,5,,2,,,,,,,,,,,
TIN050,ATTO,1,,7,,1,,1,,9,,7,,4,,,,,,,,,,,
TIN050,DISP,0,,7,,1,,8,,9,,1,,1,,,,,,,,,,,
TIN050,PHAU7,0,,0,,0,,0,,0,,9,,0,,,,,,,,,,,
TIN050,SPAI,1,,0,,0,,0,,0,,1,,7,,,,,,,,,,,
TIN050,SAVE4,1,,1,,5,,0,,0,,0,,1,,,,,,,,,,,
TIN050,ELTR3,0,,0,,0,,0,,5,,0,,0,,,,,,,,,,,
TIN050,SUNI,2,,1,,1,,0,,0,,0,,0,,,,,,,,,,,
TIN050,ATCO,2,,0,,0,,0,,0,,0,,0,,,,,,,,,,,
TIN050,ATPA3,0,,0,,1,,0,,0,,0,,0,,,,,,,,,,,
TIN050,HECU3,0,,0,,0,,0,,1,,0,,0,,,,,,,,,,,
TIN053,ERNA10,6,,1,,1,,12,,7,,9,,0,,0,,,,,,,,,
TIN053,SPAI,7,,5,,6,,2,,0,,9,,2,,0,,,,,,,,,
TIN053,DISP,3,,1,,7,,6,,5,,1,,2,,0,,,,,,,,,
TIN053,ATTO,0,,0,,6,,7,,2,,2,,0,,6,,,,,,,,,
TIN053,ARTRT,0,,5,,0,,0,,0,,0,,6,,0,,,,,,,,,
TIN053,JUBA,2,,0,,0,,1,,0,,6,,2,,0,,,,,,,,,
TIN053,SAVE4,0,,0,,0,,0,,0,,0,,0,,5,,,,,,,,,
TIN053,SUNI,0,,0,,1,,0,,0,,0,,0,,2,,,,,,,,,
TIN053,ELTR3,0,,0,,0,,0,,0,,1,,0,,0,,,,,,,,,
TIN053,JUME4,0,,0,,0,,0,,0,,1,,0,,0,,,,,,,,,
TIN053,LELA2,0,,0,,0,,0,,0,,0,,0,,0,,,,,,,,,
TIN064,ATTO,6,,24,,8,,6,,,,,,,,,,,,,,,,,
TIN064,SAVE4,0,,0,,3,,0,,,,,,,,,,,,,,,,,
TIN064,ERNA10,0,,0,,0,,2,,,,,,,,,,,,,,,,,
TIN064,SPAI,0,,0,,0,,1,,,,,,,,,,,,,,,,,
TIN068,SAVE4,2,,7,,0,,6,,3,6,2,0,,,,,,,,,,,,
TIN068,ATCO,0,,0,,0,,0,,2,0,3,1,,,,,,,,,,,,
TIN068,ERNA10,1,,0,,1,,0,,0,0,0,2,,,,,,,,,,,,
TIN068,DISP,0,,0,,0,,0,,1,0,0,2,,,,,,,,,,,,
TIN068,TEAX,1,,0,,0,,1,,0,1,0,0,,,,,,,,,,,,
TIN068,PSARM,0,,0,,0,,0,,2,0,0,0,,,,,,,,,,,,
TIN068,ATPA3,0,,0,,0,,0,,0,0,1,0,,,,,,,,,,,,
TIN068,SPAI,0,,0,,1,,0,,0,0,0,0,,,,,,,,,,,,
TIN068,SUNI,1,,0,,0,,0,,0,0,0,0,,,,,,,,,,,,
TIN068,STPA4,0,,0,,0,,0,,0,0,0,0,,,,,,,,,,,,
UNW029,SPAI,22,,3,,16,5,8,14,,,,,,,,,,,,,,,,
UNW029,DISP,11,,1,,3,7,7,6,,,,,,,,,,,,,,,,
UNW029,ATPA3,0,,7,,0,11,6,4,,,,,,,,,,,,,,,,
UNW029,SUNI,1,,5,,0,3,8,3,,,,,,,,,,,,,,,,
UNW029,STEPH,0,,1,,3,7,3,1,,,,,,,,,,,,,,,,
UNW029,SAVE4,5,,1,,5,0,0,0,,,,,,,,,,,,,,,,
UNW029,ATTO,7,,0,,0,0,0,1,,,,,,,,,,,,,,,,
UNW029,ERNA10,1,,1,,1,0,2,3,,,,,,,,,,,,,,,,
UNW029,ATCO,0,,1,,0,0,0,0,,,,,,,,,,,,,,,,
UNW031,CAPR5,0,,19,,18,,36,,6,,3,,25,,26,,,,,,,,,
UNW031,DISP,11,,19,,5,,19,,15,,1,,11,,16,,,,,,,,,
UNW031,SPAI,42,,14,,14,,6,,2,,2,,5,,11,,,,,,,,,
UNW031,ANCA10,15,,9,,1,,22,,3,,4,,20,,2,,,,,,,,,
UNW031,JUBA,6,,6,,14,,5,,13,,3,,12,,12,,,,,,,,,
UNW031,SALA3,0,,0,,0,,0,,7,,30,,0,,0,,,,,,,,,
UNW031,ELTR3,0,,9,,0,,2,,1,,2,,9,,9,,,,,,,,,
UNW031,LOCO6,0,,1,,3,,0,,11,,0,,5,,3,,,,,,,,,
UNW031,CAREX,0,,0,,12,,0,,2,,6,,0,,0,,,,,,,,,
UNW031,GLLE3,8,,0,,4,,0,,0,,0,,2,,3,,,,,,,,,
UNW031,TRWO,0,,0,,12,,0,,0,,4,,0,,1,,,,,,,,,
UNW031,CADO2,0,,0,,8,,0,,2,,0,,1,,3,,,,,,,,,
UNW031,SAGO,0,,0,,0,,0,,0,,13,,0,,0,,,,,,,,,
UNW031,HEAN3,0,,1,,4,,1,,0,,3,,1,,2,,,,,,,,,
UNW031,PYRA,1,,2,,0,,0,,4,,0,,1,,2,,,,,,,,,
UNW031,NIOC2,1,,6,,0,,0,,0,,0,,2,,0,,,,,,,,,
UNW031,HOJU,0,,0,,3,,1,,1,,1,,1,,0,,,,,,,,,
UNW031,ELRO2,0,,0,,0,,0,,1,,4,,0,,0,,,,,,,,,
UNW031,JUME4,0,,1,,0,,0,,1,,0,,1,,2,,,,,,,,,
UNW031,PACA6,0,,0,,0,,0,,0,,4,,0,,0,,,,,,,,,
UNW031,ELPA3,0,,0,,0,,0,,0,,3,,0,,0,,,,,,,,,
UNW031,ATTO,2,,0,,0,,0,,0,,0,,0,,0,,,,,,,,,
UNW031,CHAL7,0,,0,,0,,0,,0,,2,,0,,0,,,,,,,,,
UNW031,CYDA,0,,0,,0,,0,,0,,2,,0,,0,,,,,,,,,
UNW031,FOPU2,0,,0,,0,,1,,0,,1,,0,,0,,,,,,,,,
UNW031,POMO5,0,,0,,0,,0,,0,,2,,0,,0,,,,,,,,,
UNW031,POPA2,0,,0,,1,,0,,0,,0,,1,,0,,,,,,,,,
UNW031,SICO2,0,,0,,0,,0,,0,,0,,0,,2,,,,,,,,,
UNW031,PLMA2,0,,0,,0,,0,,0,,1,,0,,0,,,,,,,,,
UNW031,XAST,0,,0,,0,,0,,0,,1,,0,,0,,,,,,,,,
UNW031,HECU3,0,,0,,0,,0,,0,,0,,0,,0,,,,,,,,,
UNW039,DISP,23,,0,,20,,7,,17,,5,,0,,21,,20,,0,,6,,0,
UNW039,ATTO,3,,23,,1,,20,,0,,5,,7,,0,,0,,0,,0,,22,
UNW039,SPAI,4,,0,,20,,0,,17,,0,,0,,13,,17,,0,,5,,0,
UNW039,GLLE3,29,,0,,0,,7,,0,,0,,0,,0,,0,,0,,0,,0,
UNW039,CYDA,0,,0,,0,,0,,0,,0,,0,,0,,1,,0,,28,,0,
UNW039,ARTRT,0,,0,,0,,0,,0,,0,,0,,0,,0,,20,,0,,8,
UNW039,ERNA10,0,,2,,1,,4,,1,,3,,0,,11,,2,,0,,1,,0,
UNW039,SAEX,0,,0,,0,,24,,0,,0,,0,,0,,0,,0,,0,,0,
UNW039,JUBA,0,,0,,0,,0,,0,,0,,0,,4,,0,,0,,8,,0,
UNW039,ELTR3,0,,0,,0,,2,,0,,0,,0,,4,,0,,0,,1,,0,
UNW039,SALA3,0,,0,,0,,0,,0,,0,,0,,6,,0,,0,,0,,0,
UNW039,SAVE4,0,,0,,0,,0,,3,,3,,0,,0,,0,,0,,0,,0,
UNW039,ATCO,0,,0,,0,,0,,0,,3,,1,,0,,0,,1,,0,,0,
UNW039,GRSQ,0,,0,,0,,0,,0,,0,,0,,0,,0,,0,,5,,0,
UNW039,LOCO6,0,,0,,0,,0,,0,,0,,0,,0,,0,,0,,4,,0,
UNW039,HEAN3,0,,0,,0,,0,,0,,0,,0,,2,,1,,0,,0,,0,
UNW039,POSEJ,0,,0,,0,,0,,0,,0,,0,,1,,2,,0,,0,,0,
UNW039,PYRA,0,,0,,0,,0,,0,,0,,0,,0,,3,,0,,0,,0,
UNW039,SUNI,0,,0,,0,,0,,3,,0,,0,,0,,0,,0,,0,,0,
UNW039,ATSE2,0,,0,,0,,2,,0,,0,,0,,0,,0,,0,,0,,0,
UNW039,FOPU2,0,,0,,0,,0,,0,,0,,0,,2,,0,,0,,0,,0,
UNW039,JUME4,0,,0,,0,,0,,0,,0,,0,,0,,0,,0,,2,,0,
UNW039,ARTRP2,0,,0,,0,,0,,0,,0,,0,,0,,0,,1,,0,,0,
UNW039,ATTR,1,,0,,0,,0,,0,,0,,0,,0,,0,,0,,0,,0,
UNW039,BAHY,1,,0,,0,,0,,0,,0,,0,,0,,0,,0,,0,,0,
UNW039,CAPR5,0,,0,,0,,0,,0,,0,,0,,0,,0,,0,,1,,0,
UNW039,CHBE4,0,,0,,0,,1,,0,,0,,0,,0,,0,,0,,0,,0,
UNW039,DESO2,0,,0,,0,,1,,0,,0,,0,,0,,0,,0,,0,,0,
UNW074,ATTO,30,27,17,9,22,21,19,27,28,32,18,20,25,25,14,20,4,7,11,10,,,,
UNW074,GLLE3,9,1,1,0,2,0,2,6,9,6,2,5,2,2,14,3,0,5,5,3,,,,
UNW074,DISP,0,0,0,0,0,0,0,0,0,0,0,2,0,0,25,0,0,23,17,7,,,,
UNW074,SPAI,0,0,0,0,0,1,0,0,0,0,0,0,0,0,4,3,1,8,11,9,,,,
UNW074,FOPU2,0,0,0,0,0,0,0,0,0,0,0,0,18,0,0,0,0,0,0,0,,,,
UNW074,SAVE4,0,0,0,0,0,0,12,0,0,0,1,3,0,0,0,0,0,0,0,0,,,,
UNW074,ROWO,0,0,0,0,0,0,0,0,0,0,0,0,0,0,1,4,0,0,0,0,,,,
UNW074,ERNA10,0,0,0,0,0,0,0,0,0,0,0,4,0,0,0,0,0,0,0,0,,,,
UNW074,ATTR,0,0,0,0,0,0,0,0,0,0,0,0,0,0,2,0,0,1,0,0,,,,
UNW074,SATR12,0,0,0,0,0,0,0,0,0,0,0,0,0,0,0,0,0,1,0,2,,,,
UNW074,JUBA,0,0,0,0,0,0,0,0,0,0,0,0,0,0,0,0,0,2,0,0,,,,
UNW074,JUME4,0,0,0,0,0,0,0,0,0,0,0,0,0,0,0,0,0,0,1,0,,,,
UNW074,LEAP7,0,0,0,0,0,0,0,0,0,0,0,0,1,0,0,0,0,0,0,0,,,,
UNW074,ARCA6,0,0,0,0,0,0,0,0,0,0,0,0,0,0,0,0,0,0,0,0,,,,
UNW074,ATSE2,0,0,0,0,0,0,0,0,0,0,0,0,0,0,0,0,0,0,0,0,,,,
UNW074,CLOB,0,0,0,0,0,0,0,0,0,0,0,0,0,0,0,0,0,0,0,0,,,,
UNW074,ELCI2,0,0,0,0,0,0,0,0,0,0,0,0,0,0,0,0,0,0,0,0,,,,
UNW074,ELTR3,0,0,0,0,0,0,0,0,0,0,0,0,0,0,0,0,0,0,0,0,,,,
UNW074,ERBO8,0,0,0,0,0,0,0,0,0,0,0,0,0,0,0,0,0,0,0,0,,,,
UNW074,ERSP3,0,0,0,0,0,0,0,0,0,0,0,0,0,0,0,0,0,0,0,0,,,,
UNW074,SIAL2,0,0,0,0,0,0,0,0,0,0,0,0,0,0,0,0,0,0,0,0,,,,
UNW074,SUNI,0,0,0,0,0,0,0,0,0,0,0,0,0,0,0,0,0,0,0,0,,,,
